"1,PUSH1 0x80 PUSH1 0x40 MSTORE PUSH1 0x64 PUSH1 0x0 SSTORE CALLVALUE DUP1 ISZERO PUSH2 0x15 JUMPI PUSH1 0x0 DUP1 REVERT JUMPDEST POP PUSH1 0xA2 DUP1 PUSH2 0x24 PUSH1 0x0 CODECOPY PUSH1 0x0 RETURN STOP PUSH1 0x80 PUSH1 0x40 MSTORE PUSH1 0x4 CALLDATASIZE LT PUSH1 0x3F JUMPI PUSH1 0x0 CALLDATALOAD PUSH29 0x100000000000000000000000000000000000000000000000000000000 SWAP1 DIV PUSH4 0xFFFFFFFF AND DUP1 PUSH4 0x42A62EC2 EQ PUSH1 0x44 JUMPI JUMPDEST PUSH1 0x0 DUP1 REVERT JUMPDEST CALLVALUE DUP1 ISZERO PUSH1 0x4F JUMPI PUSH1 0x0 DUP1 REVERT JUMPDEST POP PUSH1 0x56 PUSH1 0x58 JUMP JUMPDEST STOP JUMPDEST PUSH1 0x0 DUP1 SWAP1 POP JUMPDEST PUSH1 0x0 SLOAD DUP2 LT ISZERO PUSH1 0x73 JUMPI DUP1 DUP1 PUSH1 0x1 ADD SWAP2 POP POP PUSH1 0x5E JUMP JUMPDEST POP JUMP STOP LOG1 PUSH6 0x627A7A723058 KECCAK256 CALLDATASIZE CALLDATASIZE SAR 0xe1 0xe7 MSTORE8 PUSH2 0xA602 0xc7 0xc4 0x1f 0xac OR 0xcc SHL DUP10 LT DUP7 0xf EXTCODECOPY 0xe1 PUSH28 0x5393D9D0AC001632EA00290000000000000000000000000000000000"
"1,PUSH1 0x80 PUSH1 0x40 MSTORE CALLVALUE DUP1 ISZERO PUSH2 0x10 JUMPI PUSH1 0x0 DUP1 REVERT JUMPDEST POP PUSH2 0x105 DUP1 PUSH2 0x20 PUSH1 0x0 CODECOPY PUSH1 0x0 RETURN STOP PUSH1 0x80 PUSH1 0x40 MSTORE PUSH1 0x4 CALLDATASIZE LT PUSH1 0x3F JUMPI PUSH1 0x0 CALLDATALOAD PUSH29 0x100000000000000000000000000000000000000000000000000000000 SWAP1 DIV PUSH4 0xFFFFFFFF AND DUP1 PUSH4 0xDC153735 EQ PUSH1 0x41 JUMPI JUMPDEST STOP JUMPDEST PUSH1 0x5F PUSH1 0x4 DUP1 CALLDATASIZE SUB DUP2 ADD SWAP1 DUP1 DUP1 CALLDATALOAD ISZERO ISZERO SWAP1 PUSH1 0x20 ADD SWAP1 SWAP3 SWAP2 SWAP1 POP POP POP PUSH1 0x61 JUMP JUMPDEST STOP JUMPDEST PUSH1 0x0 DUP1 PUSH1 0x2 TIMESTAMP DUP2 ISZERO ISZERO PUSH1 0x6F JUMPI INVALID JUMPDEST MOD GT ISZERO ISZERO DUP3 ISZERO ISZERO EQ ISZERO PUSH1 0xD5 JUMPI PUSH1 0xA CALLVALUE DUP2 ISZERO ISZERO PUSH1 0x86 JUMPI INVALID JUMPDEST DIV SWAP1 POP CALLER PUSH20 0xFFFFFFFFFFFFFFFFFFFFFFFFFFFFFFFFFFFFFFFF AND PUSH2 0x8FC DUP3 PUSH1 0x2 CALLVALUE MUL SUB SWAP1 DUP2 ISZERO MUL SWAP1 PUSH1 0x40 MLOAD PUSH1 0x0 PUSH1 0x40 MLOAD DUP1 DUP4 SUB DUP2 DUP6 DUP9 DUP9 CALL SWAP4 POP POP POP POP ISZERO DUP1 ISZERO PUSH1 0xD3 JUMPI RETURNDATASIZE PUSH1 0x0 DUP1 RETURNDATACOPY RETURNDATASIZE PUSH1 0x0 REVERT JUMPDEST POP JUMPDEST POP POP JUMP STOP LOG1 PUSH6 0x627A7A723058 KECCAK256 0xb9 0x48 STATICCALL 0xbf 0x28 0xc4 DUP11 0x28 DUP1 PUSH10 0xA4BE68E922D19386D357 LOG3 CALLDATACOPY 0xd1 MOD 0xa9 0xb5 PUSH18 0xE35DC6A1D600290000000000000000000000"
"1,PUSH1 0x80 PUSH1 0x40 MSTORE CALLVALUE DUP1 ISZERO PUSH2 0x10 JUMPI PUSH1 0x0 DUP1 REVERT JUMPDEST POP PUSH1 0xA7 DUP1 PUSH2 0x1F PUSH1 0x0 CODECOPY PUSH1 0x0 RETURN STOP PUSH1 0x80 PUSH1 0x40 MSTORE PUSH1 0x4 CALLDATASIZE LT PUSH1 0x3F JUMPI PUSH1 0x0 CALLDATALOAD PUSH29 0x100000000000000000000000000000000000000000000000000000000 SWAP1 DIV PUSH4 0xFFFFFFFF AND DUP1 PUSH4 0x1DBF353D EQ PUSH1 0x44 JUMPI JUMPDEST PUSH1 0x0 DUP1 REVERT JUMPDEST CALLVALUE DUP1 ISZERO PUSH1 0x4F JUMPI PUSH1 0x0 DUP1 REVERT JUMPDEST POP PUSH1 0x56 PUSH1 0x58 JUMP JUMPDEST STOP JUMPDEST PUSH1 0x0 PUSH1 0x64 SWAP1 POP JUMPDEST PUSH1 0x0 DUP2 PUSH1 0xFF AND LT ISZERO ISZERO PUSH1 0x78 JUMPI DUP1 DUP1 PUSH1 0x1 SWAP1 SUB SWAP2 POP POP PUSH1 0x5F JUMP JUMPDEST POP JUMP STOP LOG1 PUSH6 0x627A7A723058 KECCAK256 0x4b GT 0xb6 RETURNDATASIZE 0x2f PUSH19 0x8BEAD4CC1A280A23ABA21AC57201B667E82E1F 0xba 0xb8 0x5e 0x26 0xa8 DUP3 PUSH1 0x0 0x29"
"1,PUSH1 0x80 PUSH1 0x40 MSTORE CALLVALUE DUP1 ISZERO PUSH2 0x10 JUMPI PUSH1 0x0 DUP1 REVERT JUMPDEST POP PUSH1 0xAC DUP1 PUSH2 0x1F PUSH1 0x0 CODECOPY PUSH1 0x0 RETURN STOP PUSH1 0x80 PUSH1 0x40 MSTORE PUSH1 0x4 CALLDATASIZE LT PUSH1 0x3F JUMPI PUSH1 0x0 CALLDATALOAD PUSH29 0x100000000000000000000000000000000000000000000000000000000 SWAP1 DIV PUSH4 0xFFFFFFFF AND DUP1 PUSH4 0x16ADA547 EQ PUSH1 0x50 JUMPI JUMPDEST CALLVALUE DUP1 ISZERO PUSH1 0x4A JUMPI PUSH1 0x0 DUP1 REVERT JUMPDEST POP PUSH1 0x0 DUP1 REVERT JUMPDEST CALLVALUE DUP1 ISZERO PUSH1 0x5B JUMPI PUSH1 0x0 DUP1 REVERT JUMPDEST POP PUSH1 0x62 PUSH1 0x78 JUMP JUMPDEST PUSH1 0x40 MLOAD DUP1 DUP3 DUP2 MSTORE PUSH1 0x20 ADD SWAP2 POP POP PUSH1 0x40 MLOAD DUP1 SWAP2 SUB SWAP1 RETURN JUMPDEST PUSH1 0x0 TIMESTAMP SWAP1 POP SWAP1 JUMP STOP LOG1 PUSH6 0x627A7A723058 KECCAK256 0xbb 0xbb 0x2e 0xb0 0xeb CALLER TIMESTAMP SWAP13 0xb4 ORIGIN DIV 0xbb PUSH7 0xFF0E82E5B8A619 0x5c DUP1 POP 0xd3 0xbb DIV 0xe2 ADDMOD CALLDATACOPY 0xda 0x46 DUP8 STOP 0x29"
"1,PUSH1 0x80 PUSH1 0x40 MSTORE PUSH1 0x40 MLOAD PUSH1 0x20 DUP1 PUSH2 0x280 DUP4 CODECOPY DUP2 ADD DUP1 PUSH1 0x40 MSTORE DUP2 ADD SWAP1 DUP1 DUP1 MLOAD SWAP1 PUSH1 0x20 ADD SWAP1 SWAP3 SWAP2 SWAP1 POP POP POP DUP1 TIMESTAMP ADD PUSH1 0x0 DUP2 SWAP1 SSTORE POP CALLER PUSH1 0x1 PUSH1 0x0 PUSH2 0x100 EXP DUP2 SLOAD DUP2 PUSH20 0xFFFFFFFFFFFFFFFFFFFFFFFFFFFFFFFFFFFFFFFF MUL NOT AND SWAP1 DUP4 PUSH20 0xFFFFFFFFFFFFFFFFFFFFFFFFFFFFFFFFFFFFFFFF AND MUL OR SWAP1 SSTORE POP POP PUSH2 0x200 DUP1 PUSH2 0x80 PUSH1 0x0 CODECOPY PUSH1 0x0 RETURN STOP PUSH1 0x80 PUSH1 0x40 MSTORE PUSH1 0x4 CALLDATASIZE LT PUSH2 0x57 JUMPI PUSH1 0x0 CALLDATALOAD PUSH29 0x100000000000000000000000000000000000000000000000000000000 SWAP1 DIV PUSH4 0xFFFFFFFF AND DUP1 PUSH4 0x441A3E70 EQ PUSH2 0x5C JUMPI DUP1 PUSH4 0x47C70A31 EQ PUSH2 0x93 JUMPI DUP1 PUSH4 0xE534155D EQ PUSH2 0xBE JUMPI JUMPDEST PUSH1 0x0 DUP1 REVERT JUMPDEST CALLVALUE DUP1 ISZERO PUSH2 0x68 JUMPI PUSH1 0x0 DUP1 REVERT JUMPDEST POP PUSH2 0x91 PUSH1 0x4 DUP1 CALLDATASIZE SUB DUP2 ADD SWAP1 DUP1 DUP1 CALLDATALOAD SWAP1 PUSH1 0x20 ADD SWAP1 SWAP3 SWAP2 SWAP1 DUP1 CALLDATALOAD SWAP1 PUSH1 0x20 ADD SWAP1 SWAP3 SWAP2 SWAP1 POP POP POP PUSH2 0x115 JUMP JUMPDEST STOP JUMPDEST CALLVALUE DUP1 ISZERO PUSH2 0x9F JUMPI PUSH1 0x0 DUP1 REVERT JUMPDEST POP PUSH2 0xA8 PUSH2 0x1A8 JUMP JUMPDEST PUSH1 0x40 MLOAD DUP1 DUP3 DUP2 MSTORE PUSH1 0x20 ADD SWAP2 POP POP PUSH1 0x40 MLOAD DUP1 SWAP2 SUB SWAP1 RETURN JUMPDEST CALLVALUE DUP1 ISZERO PUSH2 0xCA JUMPI PUSH1 0x0 DUP1 REVERT JUMPDEST POP PUSH2 0xD3 PUSH2 0x1AE JUMP JUMPDEST PUSH1 0x40 MLOAD DUP1 DUP3 PUSH20 0xFFFFFFFFFFFFFFFFFFFFFFFFFFFFFFFFFFFFFFFF AND PUSH20 0xFFFFFFFFFFFFFFFFFFFFFFFFFFFFFFFFFFFFFFFF AND DUP2 MSTORE PUSH1 0x20 ADD SWAP2 POP POP PUSH1 0x40 MLOAD DUP1 SWAP2 SUB SWAP1 RETURN JUMPDEST PUSH1 0x0 SLOAD TIMESTAMP LT ISZERO PUSH2 0x124 JUMPI PUSH1 0x0 DUP1 REVERT JUMPDEST PUSH1 0x1 PUSH1 0x0 SWAP1 SLOAD SWAP1 PUSH2 0x100 EXP SWAP1 DIV PUSH20 0xFFFFFFFFFFFFFFFFFFFFFFFFFFFFFFFFFFFFFFFF AND PUSH20 0xFFFFFFFFFFFFFFFFFFFFFFFFFFFFFFFFFFFFFFFF AND PUSH2 0x8FC ADDRESS PUSH20 0xFFFFFFFFFFFFFFFFFFFFFFFFFFFFFFFFFFFFFFFF AND BALANCE SWAP1 DUP2 ISZERO MUL SWAP1 PUSH1 0x40 MLOAD PUSH1 0x0 PUSH1 0x40 MLOAD DUP1 DUP4 SUB DUP2 DUP6 DUP9 DUP9 CALL SWAP4 POP POP POP POP ISZERO DUP1 ISZERO PUSH2 0x1A3 JUMPI RETURNDATASIZE PUSH1 0x0 DUP1 RETURNDATACOPY RETURNDATASIZE PUSH1 0x0 REVERT JUMPDEST POP POP POP JUMP JUMPDEST PUSH1 0x0 SLOAD DUP2 JUMP JUMPDEST PUSH1 0x1 PUSH1 0x0 SWAP1 SLOAD SWAP1 PUSH2 0x100 EXP SWAP1 DIV PUSH20 0xFFFFFFFFFFFFFFFFFFFFFFFFFFFFFFFFFFFFFFFF AND DUP2 JUMP STOP LOG1 PUSH6 0x627A7A723058 KECCAK256 XOR 0xc9 PUSH23 0x8FC76B8331B6A63C035F6762D1A0AA2B3E33485128EBAB 0xe4 POP CODECOPY 0x2f 0xbe PUSH21 0x2900000000000000000000000000000000000000"
"1,PUSH1 0x80 PUSH1 0x40 MSTORE CALLVALUE DUP1 ISZERO PUSH2 0x10 JUMPI PUSH1 0x0 DUP1 REVERT JUMPDEST POP PUSH1 0xC0 DUP1 PUSH2 0x1F PUSH1 0x0 CODECOPY PUSH1 0x0 RETURN STOP PUSH1 0x80 PUSH1 0x40 MSTORE PUSH1 0x4 CALLDATASIZE LT PUSH1 0x3F JUMPI PUSH1 0x0 CALLDATALOAD PUSH29 0x100000000000000000000000000000000000000000000000000000000 SWAP1 DIV PUSH4 0xFFFFFFFF AND DUP1 PUSH4 0x731F03FC EQ PUSH1 0x44 JUMPI JUMPDEST PUSH1 0x0 DUP1 REVERT JUMPDEST CALLVALUE DUP1 ISZERO PUSH1 0x4F JUMPI PUSH1 0x0 DUP1 REVERT JUMPDEST POP PUSH1 0x6C PUSH1 0x4 DUP1 CALLDATASIZE SUB DUP2 ADD SWAP1 DUP1 DUP1 CALLDATALOAD SWAP1 PUSH1 0x20 ADD SWAP1 SWAP3 SWAP2 SWAP1 POP POP POP PUSH1 0x86 JUMP JUMPDEST PUSH1 0x40 MLOAD DUP1 DUP3 ISZERO ISZERO ISZERO ISZERO DUP2 MSTORE PUSH1 0x20 ADD SWAP2 POP POP PUSH1 0x40 MLOAD DUP1 SWAP2 SUB SWAP1 RETURN JUMPDEST PUSH1 0x0 DUP2 PUSH1 0x0 DUP2 SWAP1 SSTORE POP SWAP2 SWAP1 POP JUMP STOP LOG1 PUSH6 0x627A7A723058 KECCAK256 0x4f ISZERO MOD 0x1e SWAP8 0x4b LOG4 0xb5 SWAP13 0x4d 0xdf DIFFICULTY 0xf9 PUSH24 0xB10B32CA4C208816174348CDAEF675B4C06002900000000"
"1,PUSH1 0x80 PUSH1 0x40 MSTORE CALLVALUE DUP1 ISZERO PUSH2 0x10 JUMPI PUSH1 0x0 DUP1 REVERT JUMPDEST POP PUSH1 0xC8 DUP1 PUSH2 0x1F PUSH1 0x0 CODECOPY PUSH1 0x0 RETURN STOP PUSH1 0x80 PUSH1 0x40 MSTORE PUSH1 0x4 CALLDATASIZE LT PUSH1 0x3F JUMPI PUSH1 0x0 CALLDATALOAD PUSH29 0x100000000000000000000000000000000000000000000000000000000 SWAP1 DIV PUSH4 0xFFFFFFFF AND DUP1 PUSH4 0x6081F5CB EQ PUSH1 0x44 JUMPI JUMPDEST PUSH1 0x0 DUP1 REVERT JUMPDEST CALLVALUE DUP1 ISZERO PUSH1 0x4F JUMPI PUSH1 0x0 DUP1 REVERT JUMPDEST POP PUSH1 0x6C PUSH1 0x4 DUP1 CALLDATASIZE SUB DUP2 ADD SWAP1 DUP1 DUP1 CALLDATALOAD SWAP1 PUSH1 0x20 ADD SWAP1 SWAP3 SWAP2 SWAP1 POP POP POP PUSH1 0x82 JUMP JUMPDEST PUSH1 0x40 MLOAD DUP1 DUP3 DUP2 MSTORE PUSH1 0x20 ADD SWAP2 POP POP PUSH1 0x40 MLOAD DUP1 SWAP2 SUB SWAP1 RETURN JUMPDEST PUSH1 0x0 PUSH2 0x1F4 PUSH2 0x2710 DUP4 DUP2 ISZERO ISZERO PUSH1 0x93 JUMPI INVALID JUMPDEST DIV MUL SWAP1 POP SWAP2 SWAP1 POP JUMP STOP LOG1 PUSH6 0x627A7A723058 KECCAK256 SWAP12 0xc1 0xcb 0xf7 0xc0 LOG0 SWAP16 0x4c SWAP11 0xc3 PUSH14 0xD1EF0000B5D13778034022B6FBD6 PC MOD RETURNDATACOPY GAS 0x23 0xef RETURNDATACOPY STOP 0x29"
"1,PUSH1 0x80 PUSH1 0x40 MSTORE CALLVALUE DUP1 ISZERO PUSH1 0xF JUMPI PUSH1 0x0 DUP1 REVERT JUMPDEST POP PUSH1 0xB4 DUP1 PUSH2 0x1E PUSH1 0x0 CODECOPY PUSH1 0x0 RETURN STOP PUSH1 0x80 PUSH1 0x40 MSTORE PUSH1 0x4 CALLDATASIZE LT PUSH1 0x3F JUMPI PUSH1 0x0 CALLDATALOAD PUSH29 0x100000000000000000000000000000000000000000000000000000000 SWAP1 DIV PUSH4 0xFFFFFFFF AND DUP1 PUSH4 0x3CCFD60B EQ PUSH1 0x44 JUMPI JUMPDEST PUSH1 0x0 DUP1 REVERT JUMPDEST CALLVALUE DUP1 ISZERO PUSH1 0x4F JUMPI PUSH1 0x0 DUP1 REVERT JUMPDEST POP PUSH1 0x56 PUSH1 0x58 JUMP JUMPDEST STOP JUMPDEST CALLER PUSH20 0xFFFFFFFFFFFFFFFFFFFFFFFFFFFFFFFFFFFFFFFF AND PUSH1 0x1 PUSH1 0x40 MLOAD PUSH1 0x0 PUSH1 0x40 MLOAD DUP1 DUP4 SUB DUP2 DUP6 DUP8 GAS CALL SWAP3 POP POP POP POP JUMP STOP LOG1 PUSH6 0x627A7A723058 KECCAK256 0xd4 0x4e 0x47 0xd5 0x2b 0xd6 SWAP12 0xc1 0xec 0xa6 0xc9 RETURNDATACOPY CREATE2 SWAP14 0xe0 GT PUSH14 0x808B993BA4A50880E519D5060764 0x2e STOP 0x29"
"1,PUSH1 0x80 PUSH1 0x40 MSTORE CALLVALUE DUP1 ISZERO PUSH1 0xF JUMPI PUSH1 0x0 DUP1 REVERT JUMPDEST POP PUSH1 0x83 DUP1 PUSH2 0x1E PUSH1 0x0 CODECOPY PUSH1 0x0 RETURN STOP PUSH1 0x80 PUSH1 0x40 MSTORE PUSH1 0x4 CALLDATASIZE LT PUSH1 0x3F JUMPI PUSH1 0x0 CALLDATALOAD PUSH29 0x100000000000000000000000000000000000000000000000000000000 SWAP1 DIV PUSH4 0xFFFFFFFF AND DUP1 PUSH4 0x308E6E1D EQ PUSH1 0x4D JUMPI JUMPDEST CALLVALUE DUP1 ISZERO PUSH1 0x4A JUMPI PUSH1 0x0 DUP1 REVERT JUMPDEST POP STOP JUMPDEST PUSH1 0x53 PUSH1 0x55 JUMP JUMPDEST STOP JUMPDEST JUMP STOP LOG1 PUSH6 0x627A7A723058 KECCAK256 0x4b 0xd6 STOP 0xab DUP4 0xbb LOG0 0xe0 0x5c CALLVALUE 0xc LT 0x27 EQ 0xc0 0xdd PUSH12 0x6AB542A217C3EFF020E2944B SWAP2 SUB 0xec STOP 0x29"
"1,PUSH1 0x80 PUSH1 0x40 MSTORE CALLVALUE DUP1 ISZERO PUSH2 0x10 JUMPI PUSH1 0x0 DUP1 REVERT JUMPDEST POP PUSH2 0x138 DUP1 PUSH2 0x20 PUSH1 0x0 CODECOPY PUSH1 0x0 RETURN STOP PUSH1 0x80 PUSH1 0x40 MSTORE PUSH1 0x4 CALLDATASIZE LT PUSH2 0x41 JUMPI PUSH1 0x0 CALLDATALOAD PUSH29 0x100000000000000000000000000000000000000000000000000000000 SWAP1 DIV PUSH4 0xFFFFFFFF AND DUP1 PUSH4 0x1998AEEF EQ PUSH2 0x46 JUMPI JUMPDEST PUSH1 0x0 DUP1 REVERT JUMPDEST PUSH2 0x4E PUSH2 0x50 JUMP JUMPDEST STOP JUMPDEST PUSH1 0x1 SLOAD CALLVALUE GT ISZERO ISZERO PUSH2 0x60 JUMPI PUSH1 0x0 DUP1 REVERT JUMPDEST PUSH1 0x0 DUP1 SWAP1 SLOAD SWAP1 PUSH2 0x100 EXP SWAP1 DIV PUSH20 0xFFFFFFFFFFFFFFFFFFFFFFFFFFFFFFFFFFFFFFFF AND PUSH20 0xFFFFFFFFFFFFFFFFFFFFFFFFFFFFFFFFFFFFFFFF AND PUSH2 0x8FC PUSH1 0x1 SLOAD SWAP1 DUP2 ISZERO MUL SWAP1 PUSH1 0x40 MLOAD PUSH1 0x0 PUSH1 0x40 MLOAD DUP1 DUP4 SUB DUP2 DUP6 DUP9 DUP9 CALL SWAP4 POP POP POP POP ISZERO ISZERO PUSH2 0xC3 JUMPI PUSH1 0x0 DUP1 REVERT JUMPDEST CALLER PUSH1 0x0 DUP1 PUSH2 0x100 EXP DUP2 SLOAD DUP2 PUSH20 0xFFFFFFFFFFFFFFFFFFFFFFFFFFFFFFFFFFFFFFFF MUL NOT AND SWAP1 DUP4 PUSH20 0xFFFFFFFFFFFFFFFFFFFFFFFFFFFFFFFFFFFFFFFF AND MUL OR SWAP1 SSTORE POP CALLVALUE PUSH1 0x1 DUP2 SWAP1 SSTORE POP JUMP STOP LOG1 PUSH6 0x627A7A723058 KECCAK256 0x5c 0xbc SWAP9 SWAP1 DUP11 PUSH32 0x50A3C80B1031C3CBDC651C9594B161BE5F87B5DD87C47DD9C2B8002900000000"
"1,PUSH1 0x80 PUSH1 0x40 MSTORE CALLVALUE DUP1 ISZERO PUSH2 0x10 JUMPI PUSH1 0x0 DUP1 REVERT JUMPDEST POP PUSH2 0x344 DUP1 PUSH2 0x20 PUSH1 0x0 CODECOPY PUSH1 0x0 RETURN STOP PUSH1 0x80 PUSH1 0x40 MSTORE PUSH1 0x4 CALLDATASIZE LT PUSH2 0x57 JUMPI PUSH1 0x0 CALLDATALOAD PUSH29 0x100000000000000000000000000000000000000000000000000000000 SWAP1 DIV PUSH4 0xFFFFFFFF AND DUP1 PUSH4 0x27E235E3 EQ PUSH2 0x5C JUMPI DUP1 PUSH4 0x537F80C8 EQ PUSH2 0xB3 JUMPI DUP1 PUSH4 0xE8B5E51F EQ PUSH2 0xDE JUMPI JUMPDEST PUSH1 0x0 DUP1 REVERT JUMPDEST CALLVALUE DUP1 ISZERO PUSH2 0x68 JUMPI PUSH1 0x0 DUP1 REVERT JUMPDEST POP PUSH2 0x9D PUSH1 0x4 DUP1 CALLDATASIZE SUB DUP2 ADD SWAP1 DUP1 DUP1 CALLDATALOAD PUSH20 0xFFFFFFFFFFFFFFFFFFFFFFFFFFFFFFFFFFFFFFFF AND SWAP1 PUSH1 0x20 ADD SWAP1 SWAP3 SWAP2 SWAP1 POP POP POP PUSH2 0xE8 JUMP JUMPDEST PUSH1 0x40 MLOAD DUP1 DUP3 DUP2 MSTORE PUSH1 0x20 ADD SWAP2 POP POP PUSH1 0x40 MLOAD DUP1 SWAP2 SUB SWAP1 RETURN JUMPDEST CALLVALUE DUP1 ISZERO PUSH2 0xBF JUMPI PUSH1 0x0 DUP1 REVERT JUMPDEST POP PUSH2 0xC8 PUSH2 0x100 JUMP JUMPDEST PUSH1 0x40 MLOAD DUP1 DUP3 DUP2 MSTORE PUSH1 0x20 ADD SWAP2 POP POP PUSH1 0x40 MLOAD DUP1 SWAP2 SUB SWAP1 RETURN JUMPDEST PUSH2 0xE6 PUSH2 0x26C JUMP JUMPDEST STOP JUMPDEST PUSH1 0x1 PUSH1 0x20 MSTORE DUP1 PUSH1 0x0 MSTORE PUSH1 0x40 PUSH1 0x0 KECCAK256 PUSH1 0x0 SWAP2 POP SWAP1 POP SLOAD DUP2 JUMP JUMPDEST PUSH1 0x0 DUP1 PUSH1 0x0 DUP1 SWAP2 POP PUSH1 0x0 SWAP1 POP JUMPDEST PUSH1 0x0 DUP1 SLOAD SWAP1 POP DUP2 LT ISZERO PUSH2 0x220 JUMPI PUSH1 0x1 PUSH1 0x0 DUP1 DUP4 DUP2 SLOAD DUP2 LT ISZERO ISZERO PUSH2 0x12C JUMPI INVALID JUMPDEST SWAP1 PUSH1 0x0 MSTORE PUSH1 0x20 PUSH1 0x0 KECCAK256 ADD PUSH1 0x0 SWAP1 SLOAD SWAP1 PUSH2 0x100 EXP SWAP1 DIV PUSH20 0xFFFFFFFFFFFFFFFFFFFFFFFFFFFFFFFFFFFFFFFF AND PUSH20 0xFFFFFFFFFFFFFFFFFFFFFFFFFFFFFFFFFFFFFFFF AND PUSH20 0xFFFFFFFFFFFFFFFFFFFFFFFFFFFFFFFFFFFFFFFF AND DUP2 MSTORE PUSH1 0x20 ADD SWAP1 DUP2 MSTORE PUSH1 0x20 ADD PUSH1 0x0 KECCAK256 SLOAD DUP3 ADD SWAP2 POP PUSH1 0x0 PUSH1 0x1 PUSH1 0x0 DUP1 DUP5 DUP2 SLOAD DUP2 LT ISZERO ISZERO PUSH2 0x1AA JUMPI INVALID JUMPDEST SWAP1 PUSH1 0x0 MSTORE PUSH1 0x20 PUSH1 0x0 KECCAK256 ADD PUSH1 0x0 SWAP1 SLOAD SWAP1 PUSH2 0x100 EXP SWAP1 DIV PUSH20 0xFFFFFFFFFFFFFFFFFFFFFFFFFFFFFFFFFFFFFFFF AND PUSH20 0xFFFFFFFFFFFFFFFFFFFFFFFFFFFFFFFFFFFFFFFF AND PUSH20 0xFFFFFFFFFFFFFFFFFFFFFFFFFFFFFFFFFFFFFFFF AND DUP2 MSTORE PUSH1 0x20 ADD SWAP1 DUP2 MSTORE PUSH1 0x20 ADD PUSH1 0x0 KECCAK256 DUP2 SWAP1 SSTORE POP DUP1 DUP1 PUSH1 0x1 ADD SWAP2 POP POP PUSH2 0x10D JUMP JUMPDEST CALLER PUSH20 0xFFFFFFFFFFFFFFFFFFFFFFFFFFFFFFFFFFFFFFFF AND PUSH2 0x8FC DUP4 SWAP1 DUP2 ISZERO MUL SWAP1 PUSH1 0x40 MLOAD PUSH1 0x0 PUSH1 0x40 MLOAD DUP1 DUP4 SUB DUP2 DUP6 DUP9 DUP9 CALL SWAP4 POP POP POP POP ISZERO DUP1 ISZERO PUSH2 0x266 JUMPI RETURNDATASIZE PUSH1 0x0 DUP1 RETURNDATACOPY RETURNDATASIZE PUSH1 0x0 REVERT JUMPDEST POP POP POP SWAP1 JUMP JUMPDEST PUSH1 0x0 CALLER SWAP1 DUP1 PUSH1 0x1 DUP2 SLOAD ADD DUP1 DUP3 SSTORE DUP1 SWAP2 POP POP SWAP1 PUSH1 0x1 DUP3 SUB SWAP1 PUSH1 0x0 MSTORE PUSH1 0x20 PUSH1 0x0 KECCAK256 ADD PUSH1 0x0 SWAP1 SWAP2 SWAP3 SWAP1 SWAP2 SWAP1 SWAP2 PUSH2 0x100 EXP DUP2 SLOAD DUP2 PUSH20 0xFFFFFFFFFFFFFFFFFFFFFFFFFFFFFFFFFFFFFFFF MUL NOT AND SWAP1 DUP4 PUSH20 0xFFFFFFFFFFFFFFFFFFFFFFFFFFFFFFFFFFFFFFFF AND MUL OR SWAP1 SSTORE POP POP CALLVALUE PUSH1 0x1 PUSH1 0x0 CALLER PUSH20 0xFFFFFFFFFFFFFFFFFFFFFFFFFFFFFFFFFFFFFFFF AND PUSH20 0xFFFFFFFFFFFFFFFFFFFFFFFFFFFFFFFFFFFFFFFF AND DUP2 MSTORE PUSH1 0x20 ADD SWAP1 DUP2 MSTORE PUSH1 0x20 ADD PUSH1 0x0 KECCAK256 DUP2 SWAP1 SSTORE POP JUMP STOP LOG1 PUSH6 0x627A7A723058 KECCAK256 0xdb 0xab SGT DUP3 RETURNDATASIZE 0x1e 0xef STOP 0xd8 BALANCE SGT PUSH4 0x5C74C024 DUP2 PUSH32 0x1AC642E6E43FAB8930B4C4E73CB2002900000000000000000000000000000000"
"1,PUSH1 0x80 PUSH1 0x40 MSTORE PUSH1 0x40 MLOAD PUSH1 0x20 DUP1 PUSH2 0x184 DUP4 CODECOPY DUP2 ADD DUP1 PUSH1 0x40 MSTORE DUP2 ADD SWAP1 DUP1 DUP1 MLOAD SWAP1 PUSH1 0x20 ADD SWAP1 SWAP3 SWAP2 SWAP1 POP POP POP DUP1 PUSH1 0x0 DUP2 PUSH1 0x0 NOT AND SWAP1 SSTORE POP TIMESTAMP PUSH1 0x1 DUP2 SWAP1 SSTORE POP POP PUSH2 0x13C DUP1 PUSH2 0x48 PUSH1 0x0 CODECOPY PUSH1 0x0 RETURN STOP PUSH1 0x80 PUSH1 0x40 MSTORE PUSH1 0x4 CALLDATASIZE LT PUSH2 0x4C JUMPI PUSH1 0x0 CALLDATALOAD PUSH29 0x100000000000000000000000000000000000000000000000000000000 SWAP1 DIV PUSH4 0xFFFFFFFF AND DUP1 PUSH4 0x6C63C2D6 EQ PUSH2 0x51 JUMPI DUP1 PUSH4 0x9EBAEF9B EQ PUSH2 0x8C JUMPI JUMPDEST PUSH1 0x0 DUP1 REVERT JUMPDEST CALLVALUE DUP1 ISZERO PUSH2 0x5D JUMPI PUSH1 0x0 DUP1 REVERT JUMPDEST POP PUSH2 0x8A PUSH1 0x4 DUP1 CALLDATASIZE SUB DUP2 ADD SWAP1 DUP1 DUP1 CALLDATALOAD SWAP1 PUSH1 0x20 ADD SWAP1 DUP3 ADD DUP1 CALLDATALOAD SWAP1 PUSH1 0x20 ADD SWAP2 SWAP1 SWAP2 SWAP3 SWAP4 SWAP2 SWAP3 SWAP4 SWAP1 POP POP POP PUSH2 0xB7 JUMP JUMPDEST STOP JUMPDEST CALLVALUE DUP1 ISZERO PUSH2 0x98 JUMPI PUSH1 0x0 DUP1 REVERT JUMPDEST POP PUSH2 0xA1 PUSH2 0x104 JUMP JUMPDEST PUSH1 0x40 MLOAD DUP1 DUP3 DUP2 MSTORE PUSH1 0x20 ADD SWAP2 POP POP PUSH1 0x40 MLOAD DUP1 SWAP2 SUB SWAP1 RETURN JUMPDEST PUSH1 0x0 SLOAD PUSH1 0x0 NOT AND DUP3 DUP3 PUSH1 0x40 MLOAD DUP1 DUP4 DUP4 DUP1 DUP3 DUP5 CALLDATACOPY DUP3 ADD SWAP2 POP POP SWAP3 POP POP POP PUSH1 0x40 MLOAD DUP1 SWAP2 SUB SWAP1 KECCAK256 PUSH1 0x0 NOT AND EQ ISZERO ISZERO PUSH2 0xEB JUMPI PUSH1 0x0 DUP1 REVERT JUMPDEST CALLER PUSH20 0xFFFFFFFFFFFFFFFFFFFFFFFFFFFFFFFFFFFFFFFF AND SELFDESTRUCT JUMPDEST PUSH1 0x0 PUSH1 0x1 SLOAD TIMESTAMP SUB SWAP1 POP SWAP1 JUMP STOP LOG1 PUSH6 0x627A7A723058 KECCAK256 MSTORE8 0xa6 0x4d 0x21 MULMOD EXTCODECOPY 0x2d 0x5f 0xcd PUSH19 0x6B9E4D3C9D5C56A0854459A026645268C1FF4 0xf8 SDIV 0xcf STOP 0x29"
"1,PUSH1 0x80 PUSH1 0x40 MSTORE CALLVALUE DUP1 ISZERO PUSH2 0x10 JUMPI PUSH1 0x0 DUP1 REVERT JUMPDEST POP PUSH2 0x201 DUP1 PUSH2 0x20 PUSH1 0x0 CODECOPY PUSH1 0x0 RETURN STOP PUSH1 0x80 PUSH1 0x40 MSTORE PUSH1 0x4 CALLDATASIZE LT PUSH2 0x41 JUMPI PUSH1 0x0 CALLDATALOAD PUSH29 0x100000000000000000000000000000000000000000000000000000000 SWAP1 DIV PUSH4 0xFFFFFFFF AND DUP1 PUSH4 0x59DB00A6 EQ PUSH2 0x46 JUMPI JUMPDEST PUSH1 0x0 DUP1 REVERT JUMPDEST CALLVALUE DUP1 ISZERO PUSH2 0x52 JUMPI PUSH1 0x0 DUP1 REVERT JUMPDEST POP PUSH2 0x91 PUSH1 0x4 DUP1 CALLDATASIZE SUB DUP2 ADD SWAP1 DUP1 DUP1 CALLDATALOAD PUSH20 0xFFFFFFFFFFFFFFFFFFFFFFFFFFFFFFFFFFFFFFFF AND SWAP1 PUSH1 0x20 ADD SWAP1 SWAP3 SWAP2 SWAP1 DUP1 CALLDATALOAD SWAP1 PUSH1 0x20 ADD SWAP1 SWAP3 SWAP2 SWAP1 POP POP POP PUSH2 0xAB JUMP JUMPDEST PUSH1 0x40 MLOAD DUP1 DUP3 ISZERO ISZERO ISZERO ISZERO DUP2 MSTORE PUSH1 0x20 ADD SWAP2 POP POP PUSH1 0x40 MLOAD DUP1 SWAP2 SUB SWAP1 RETURN JUMPDEST PUSH1 0x0 PUSH1 0x60 PUSH1 0x0 DUP4 PUSH1 0x40 MLOAD PUSH1 0x24 ADD DUP1 DUP3 DUP2 MSTORE PUSH1 0x20 ADD SWAP2 POP POP PUSH1 0x40 MLOAD PUSH1 0x20 DUP2 DUP4 SUB SUB DUP2 MSTORE SWAP1 PUSH1 0x40 MSTORE PUSH32 0x65D42DCE00000000000000000000000000000000000000000000000000000000 PUSH28 0xFFFFFFFFFFFFFFFFFFFFFFFFFFFFFFFFFFFFFFFFFFFFFFFFFFFFFFFF NOT AND PUSH1 0x20 DUP3 ADD DUP1 MLOAD PUSH28 0xFFFFFFFFFFFFFFFFFFFFFFFFFFFFFFFFFFFFFFFFFFFFFFFFFFFFFFFF DUP4 DUP2 DUP4 AND OR DUP4 MSTORE POP POP POP POP SWAP2 POP DUP5 PUSH20 0xFFFFFFFFFFFFFFFFFFFFFFFFFFFFFFFFFFFFFFFF AND DUP3 PUSH1 0x40 MLOAD DUP1 DUP3 DUP1 MLOAD SWAP1 PUSH1 0x20 ADD SWAP1 DUP1 DUP4 DUP4 PUSH1 0x0 JUMPDEST DUP4 DUP2 LT ISZERO PUSH2 0x186 JUMPI DUP1 DUP3 ADD MLOAD DUP2 DUP5 ADD MSTORE PUSH1 0x20 DUP2 ADD SWAP1 POP PUSH2 0x16B JUMP JUMPDEST POP POP POP POP SWAP1 POP SWAP1 DUP2 ADD SWAP1 PUSH1 0x1F AND DUP1 ISZERO PUSH2 0x1B3 JUMPI DUP1 DUP3 SUB DUP1 MLOAD PUSH1 0x1 DUP4 PUSH1 0x20 SUB PUSH2 0x100 EXP SUB NOT AND DUP2 MSTORE PUSH1 0x20 ADD SWAP2 POP JUMPDEST POP SWAP2 POP POP PUSH1 0x0 PUSH1 0x40 MLOAD DUP1 DUP4 SUB DUP2 PUSH1 0x0 DUP7 GAS CALL SWAP2 POP POP SWAP1 POP DUP1 SWAP3 POP POP POP SWAP3 SWAP2 POP POP JUMP STOP LOG1 PUSH6 0x627A7A723058 KECCAK256 0x47 0x2c 0xd8 0x48 0xde SWAP12 DUP12 LOG3 0x48 SWAP1 0xb1 0x4d DUP15 CALLDATALOAD PUSH20 0x7257B00DA216AE9FB898D80CA2215BCF47002900"
"1,PUSH1 0x80 PUSH1 0x40 MSTORE CALLVALUE DUP1 ISZERO PUSH2 0x10 JUMPI PUSH1 0x0 DUP1 REVERT JUMPDEST POP PUSH2 0x1DB DUP1 PUSH2 0x20 PUSH1 0x0 CODECOPY PUSH1 0x0 RETURN STOP PUSH1 0x80 PUSH1 0x40 MSTORE PUSH1 0x4 CALLDATASIZE LT PUSH2 0x4C JUMPI PUSH1 0x0 CALLDATALOAD PUSH29 0x100000000000000000000000000000000000000000000000000000000 SWAP1 DIV PUSH4 0xFFFFFFFF AND DUP1 PUSH4 0x23753165 EQ PUSH2 0x51 JUMPI DUP1 PUSH4 0xF0BA8440 EQ PUSH2 0x8C JUMPI JUMPDEST PUSH1 0x0 DUP1 REVERT JUMPDEST CALLVALUE DUP1 ISZERO PUSH2 0x5D JUMPI PUSH1 0x0 DUP1 REVERT JUMPDEST POP PUSH2 0x8A PUSH1 0x4 DUP1 CALLDATASIZE SUB DUP2 ADD SWAP1 DUP1 DUP1 CALLDATALOAD SWAP1 PUSH1 0x20 ADD SWAP1 DUP3 ADD DUP1 CALLDATALOAD SWAP1 PUSH1 0x20 ADD SWAP2 SWAP1 SWAP2 SWAP3 SWAP4 SWAP2 SWAP3 SWAP4 SWAP1 POP POP POP PUSH2 0xCD JUMP JUMPDEST STOP JUMPDEST CALLVALUE DUP1 ISZERO PUSH2 0x98 JUMPI PUSH1 0x0 DUP1 REVERT JUMPDEST POP PUSH2 0xB7 PUSH1 0x4 DUP1 CALLDATASIZE SUB DUP2 ADD SWAP1 DUP1 DUP1 CALLDATALOAD SWAP1 PUSH1 0x20 ADD SWAP1 SWAP3 SWAP2 SWAP1 POP POP POP PUSH2 0x13B JUMP JUMPDEST PUSH1 0x40 MLOAD DUP1 DUP3 DUP2 MSTORE PUSH1 0x20 ADD SWAP2 POP POP PUSH1 0x40 MLOAD DUP1 SWAP2 SUB SWAP1 RETURN JUMPDEST PUSH1 0x0 DUP1 DUP1 SLOAD SWAP1 POP SWAP1 POP JUMPDEST DUP3 DUP3 SWAP1 POP DUP2 LT ISZERO PUSH2 0x136 JUMPI PUSH1 0x0 DUP1 SLOAD DUP1 SWAP2 SWAP1 PUSH1 0x1 ADD PUSH2 0xF6 SWAP2 SWAP1 PUSH2 0x15E JUMP JUMPDEST POP DUP3 DUP3 DUP3 DUP2 DUP2 LT ISZERO ISZERO PUSH2 0x105 JUMPI INVALID JUMPDEST SWAP1 POP PUSH1 0x20 MUL ADD CALLDATALOAD PUSH1 0x0 DUP3 DUP2 SLOAD DUP2 LT ISZERO ISZERO PUSH2 0x11B JUMPI INVALID JUMPDEST SWAP1 PUSH1 0x0 MSTORE PUSH1 0x20 PUSH1 0x0 KECCAK256 ADD DUP2 SWAP1 SSTORE POP DUP1 DUP1 PUSH1 0x1 ADD SWAP2 POP POP PUSH2 0xD7 JUMP JUMPDEST POP POP POP JUMP JUMPDEST PUSH1 0x0 DUP2 DUP2 SLOAD DUP2 LT ISZERO ISZERO PUSH2 0x14A JUMPI INVALID JUMPDEST SWAP1 PUSH1 0x0 MSTORE PUSH1 0x20 PUSH1 0x0 KECCAK256 ADD PUSH1 0x0 SWAP2 POP SWAP1 POP SLOAD DUP2 JUMP JUMPDEST DUP2 SLOAD DUP2 DUP4 SSTORE DUP2 DUP2 GT ISZERO PUSH2 0x185 JUMPI DUP2 DUP4 PUSH1 0x0 MSTORE PUSH1 0x20 PUSH1 0x0 KECCAK256 SWAP2 DUP3 ADD SWAP2 ADD PUSH2 0x184 SWAP2 SWAP1 PUSH2 0x18A JUMP JUMPDEST JUMPDEST POP POP POP JUMP JUMPDEST PUSH2 0x1AC SWAP2 SWAP1 JUMPDEST DUP1 DUP3 GT ISZERO PUSH2 0x1A8 JUMPI PUSH1 0x0 DUP2 PUSH1 0x0 SWAP1 SSTORE POP PUSH1 0x1 ADD PUSH2 0x190 JUMP JUMPDEST POP SWAP1 JUMP JUMPDEST SWAP1 JUMP STOP LOG1 PUSH6 0x627A7A723058 KECCAK256 0xc0 SWAP10 GASPRICE 0xe6 SWAP2 JUMP 0xd2 SWAP4 0xdb PUSH28 0x73C93CF4625CE6419F522C0608A925197FE276687AF0002900000000"
"1,PUSH1 0x80 PUSH1 0x40 MSTORE CALLVALUE DUP1 ISZERO PUSH2 0x10 JUMPI PUSH1 0x0 DUP1 REVERT JUMPDEST POP CALLER PUSH1 0x0 DUP1 PUSH2 0x100 EXP DUP2 SLOAD DUP2 PUSH20 0xFFFFFFFFFFFFFFFFFFFFFFFFFFFFFFFFFFFFFFFF MUL NOT AND SWAP1 DUP4 PUSH20 0xFFFFFFFFFFFFFFFFFFFFFFFFFFFFFFFFFFFFFFFF AND MUL OR SWAP1 SSTORE POP PUSH2 0x673 DUP1 PUSH2 0x60 PUSH1 0x0 CODECOPY PUSH1 0x0 RETURN STOP PUSH1 0x80 PUSH1 0x40 MSTORE PUSH1 0x4 CALLDATASIZE LT PUSH2 0x6D JUMPI PUSH1 0x0 CALLDATALOAD PUSH29 0x100000000000000000000000000000000000000000000000000000000 SWAP1 DIV PUSH4 0xFFFFFFFF AND DUP1 PUSH4 0x59221A68 EQ PUSH2 0x72 JUMPI DUP1 PUSH4 0x70A96E25 EQ PUSH2 0xDF JUMPI DUP1 PUSH4 0x8F449A05 EQ PUSH2 0x148 JUMPI DUP1 PUSH4 0x91B7F5ED EQ PUSH2 0x152 JUMPI DUP1 PUSH4 0xE941FA78 EQ PUSH2 0x17F JUMPI JUMPDEST PUSH1 0x0 DUP1 REVERT JUMPDEST CALLVALUE DUP1 ISZERO PUSH2 0x7E JUMPI PUSH1 0x0 DUP1 REVERT JUMPDEST POP PUSH2 0x9D PUSH1 0x4 DUP1 CALLDATASIZE SUB DUP2 ADD SWAP1 DUP1 DUP1 CALLDATALOAD SWAP1 PUSH1 0x20 ADD SWAP1 SWAP3 SWAP2 SWAP1 POP POP POP PUSH2 0x196 JUMP JUMPDEST PUSH1 0x40 MLOAD DUP1 DUP3 PUSH20 0xFFFFFFFFFFFFFFFFFFFFFFFFFFFFFFFFFFFFFFFF AND PUSH20 0xFFFFFFFFFFFFFFFFFFFFFFFFFFFFFFFFFFFFFFFF AND DUP2 MSTORE PUSH1 0x20 ADD SWAP2 POP POP PUSH1 0x40 MLOAD DUP1 SWAP2 SUB SWAP1 RETURN JUMPDEST CALLVALUE DUP1 ISZERO PUSH2 0xEB JUMPI PUSH1 0x0 DUP1 REVERT JUMPDEST POP PUSH2 0xF4 PUSH2 0x1D4 JUMP JUMPDEST PUSH1 0x40 MLOAD DUP1 DUP3 PUSH28 0xFFFFFFFFFFFFFFFFFFFFFFFFFFFFFFFFFFFFFFFFFFFFFFFFFFFFFFFF NOT AND PUSH28 0xFFFFFFFFFFFFFFFFFFFFFFFFFFFFFFFFFFFFFFFFFFFFFFFFFFFFFFFF NOT AND DUP2 MSTORE PUSH1 0x20 ADD SWAP2 POP POP PUSH1 0x40 MLOAD DUP1 SWAP2 SUB SWAP1 RETURN JUMPDEST PUSH2 0x150 PUSH2 0x20D JUMP JUMPDEST STOP JUMPDEST CALLVALUE DUP1 ISZERO PUSH2 0x15E JUMPI PUSH1 0x0 DUP1 REVERT JUMPDEST POP PUSH2 0x17D PUSH1 0x4 DUP1 CALLDATASIZE SUB DUP2 ADD SWAP1 DUP1 DUP1 CALLDATALOAD SWAP1 PUSH1 0x20 ADD SWAP1 SWAP3 SWAP2 SWAP1 POP POP POP PUSH2 0x2C2 JUMP JUMPDEST STOP JUMPDEST CALLVALUE DUP1 ISZERO PUSH2 0x18B JUMPI PUSH1 0x0 DUP1 REVERT JUMPDEST POP PUSH2 0x194 PUSH2 0x5C6 JUMP JUMPDEST STOP JUMPDEST PUSH1 0x1 DUP2 DUP2 SLOAD DUP2 LT ISZERO ISZERO PUSH2 0x1A5 JUMPI INVALID JUMPDEST SWAP1 PUSH1 0x0 MSTORE PUSH1 0x20 PUSH1 0x0 KECCAK256 ADD PUSH1 0x0 SWAP2 POP SLOAD SWAP1 PUSH2 0x100 EXP SWAP1 DIV PUSH20 0xFFFFFFFFFFFFFFFFFFFFFFFFFFFFFFFFFFFFFFFF AND DUP2 JUMP JUMPDEST PUSH1 0x40 MLOAD DUP1 DUP1 PUSH32 0x73657450726963652875696E7429000000000000000000000000000000000000 DUP2 MSTORE POP PUSH1 0xE ADD SWAP1 POP PUSH1 0x40 MLOAD DUP1 SWAP2 SUB SWAP1 KECCAK256 DUP2 JUMP JUMPDEST PUSH1 0x1 CALLER SWAP1 DUP1 PUSH1 0x1 DUP2 SLOAD ADD DUP1 DUP3 SSTORE DUP1 SWAP2 POP POP SWAP1 PUSH1 0x1 DUP3 SUB SWAP1 PUSH1 0x0 MSTORE PUSH1 0x20 PUSH1 0x0 KECCAK256 ADD PUSH1 0x0 SWAP1 SWAP2 SWAP3 SWAP1 SWAP2 SWAP1 SWAP2 PUSH2 0x100 EXP DUP2 SLOAD DUP2 PUSH20 0xFFFFFFFFFFFFFFFFFFFFFFFFFFFFFFFFFFFFFFFF MUL NOT AND SWAP1 DUP4 PUSH20 0xFFFFFFFFFFFFFFFFFFFFFFFFFFFFFFFFFFFFFFFF AND MUL OR SWAP1 SSTORE POP POP CALLVALUE PUSH1 0x2 PUSH1 0x0 CALLER PUSH20 0xFFFFFFFFFFFFFFFFFFFFFFFFFFFFFFFFFFFFFFFF AND PUSH20 0xFFFFFFFFFFFFFFFFFFFFFFFFFFFFFFFFFFFFFFFF AND DUP2 MSTORE PUSH1 0x20 ADD SWAP1 DUP2 MSTORE PUSH1 0x20 ADD PUSH1 0x0 KECCAK256 PUSH1 0x0 DUP3 DUP3 SLOAD ADD SWAP3 POP POP DUP2 SWAP1 SSTORE POP JUMP JUMPDEST PUSH1 0x60 PUSH1 0x0 DUP1 PUSH1 0x0 SWAP1 SLOAD SWAP1 PUSH2 0x100 EXP SWAP1 DIV PUSH20 0xFFFFFFFFFFFFFFFFFFFFFFFFFFFFFFFFFFFFFFFF AND PUSH20 0xFFFFFFFFFFFFFFFFFFFFFFFFFFFFFFFFFFFFFFFF AND CALLER PUSH20 0xFFFFFFFFFFFFFFFFFFFFFFFFFFFFFFFFFFFFFFFF AND EQ ISZERO ISZERO PUSH2 0x321 JUMPI PUSH1 0x0 DUP1 REVERT JUMPDEST PUSH1 0x40 MLOAD DUP1 DUP1 PUSH32 0x73657450726963652875696E7429000000000000000000000000000000000000 DUP2 MSTORE POP PUSH1 0xE ADD SWAP1 POP PUSH1 0x40 MLOAD DUP1 SWAP2 SUB SWAP1 KECCAK256 DUP4 PUSH1 0x40 MLOAD PUSH1 0x24 ADD DUP1 DUP3 DUP2 MSTORE PUSH1 0x20 ADD SWAP2 POP POP PUSH1 0x40 MLOAD PUSH1 0x20 DUP2 DUP4 SUB SUB DUP2 MSTORE SWAP1 PUSH1 0x40 MSTORE SWAP1 PUSH28 0xFFFFFFFFFFFFFFFFFFFFFFFFFFFFFFFFFFFFFFFFFFFFFFFFFFFFFFFF NOT AND PUSH1 0x20 DUP3 ADD DUP1 MLOAD PUSH28 0xFFFFFFFFFFFFFFFFFFFFFFFFFFFFFFFFFFFFFFFFFFFFFFFFFFFFFFFF DUP4 DUP2 DUP4 AND OR DUP4 MSTORE POP POP POP POP SWAP2 POP PUSH1 0x0 SWAP1 POP JUMPDEST PUSH1 0x1 DUP1 SLOAD SWAP1 POP DUP2 LT ISZERO PUSH2 0x5C1 JUMPI PUSH7 0x38D7EA4C68000 PUSH1 0x2 PUSH1 0x0 PUSH1 0x1 DUP5 DUP2 SLOAD DUP2 LT ISZERO ISZERO PUSH2 0x3F4 JUMPI INVALID JUMPDEST SWAP1 PUSH1 0x0 MSTORE PUSH1 0x20 PUSH1 0x0 KECCAK256 ADD PUSH1 0x0 SWAP1 SLOAD SWAP1 PUSH2 0x100 EXP SWAP1 DIV PUSH20 0xFFFFFFFFFFFFFFFFFFFFFFFFFFFFFFFFFFFFFFFF AND PUSH20 0xFFFFFFFFFFFFFFFFFFFFFFFFFFFFFFFFFFFFFFFF AND PUSH20 0xFFFFFFFFFFFFFFFFFFFFFFFFFFFFFFFFFFFFFFFF AND DUP2 MSTORE PUSH1 0x20 ADD SWAP1 DUP2 MSTORE PUSH1 0x20 ADD PUSH1 0x0 KECCAK256 SLOAD LT ISZERO ISZERO PUSH2 0x5B4 JUMPI PUSH7 0x38D7EA4C68000 PUSH1 0x2 PUSH1 0x0 PUSH1 0x1 DUP5 DUP2 SLOAD DUP2 LT ISZERO ISZERO PUSH2 0x47C JUMPI INVALID JUMPDEST SWAP1 PUSH1 0x0 MSTORE PUSH1 0x20 PUSH1 0x0 KECCAK256 ADD PUSH1 0x0 SWAP1 SLOAD SWAP1 PUSH2 0x100 EXP SWAP1 DIV PUSH20 0xFFFFFFFFFFFFFFFFFFFFFFFFFFFFFFFFFFFFFFFF AND PUSH20 0xFFFFFFFFFFFFFFFFFFFFFFFFFFFFFFFFFFFFFFFF AND PUSH20 0xFFFFFFFFFFFFFFFFFFFFFFFFFFFFFFFFFFFFFFFF AND DUP2 MSTORE PUSH1 0x20 ADD SWAP1 DUP2 MSTORE PUSH1 0x20 ADD PUSH1 0x0 KECCAK256 PUSH1 0x0 DUP3 DUP3 SLOAD SUB SWAP3 POP POP DUP2 SWAP1 SSTORE POP PUSH1 0x1 DUP2 DUP2 SLOAD DUP2 LT ISZERO ISZERO PUSH2 0x4FD JUMPI INVALID JUMPDEST SWAP1 PUSH1 0x0 MSTORE PUSH1 0x20 PUSH1 0x0 KECCAK256 ADD PUSH1 0x0 SWAP1 SLOAD SWAP1 PUSH2 0x100 EXP SWAP1 DIV PUSH20 0xFFFFFFFFFFFFFFFFFFFFFFFFFFFFFFFFFFFFFFFF AND PUSH20 0xFFFFFFFFFFFFFFFFFFFFFFFFFFFFFFFFFFFFFFFF AND PUSH2 0xC350 DUP4 PUSH1 0x40 MLOAD DUP1 DUP3 DUP1 MLOAD SWAP1 PUSH1 0x20 ADD SWAP1 DUP1 DUP4 DUP4 PUSH1 0x0 JUMPDEST DUP4 DUP2 LT ISZERO PUSH2 0x56F JUMPI DUP1 DUP3 ADD MLOAD DUP2 DUP5 ADD MSTORE PUSH1 0x20 DUP2 ADD SWAP1 POP PUSH2 0x554 JUMP JUMPDEST POP POP POP POP SWAP1 POP SWAP1 DUP2 ADD SWAP1 PUSH1 0x1F AND DUP1 ISZERO PUSH2 0x59C JUMPI DUP1 DUP3 SUB DUP1 MLOAD PUSH1 0x1 DUP4 PUSH1 0x20 SUB PUSH2 0x100 EXP SUB NOT AND DUP2 MSTORE PUSH1 0x20 ADD SWAP2 POP JUMPDEST POP SWAP2 POP POP PUSH1 0x0 PUSH1 0x40 MLOAD DUP1 DUP4 SUB DUP2 PUSH1 0x0 DUP8 DUP8 CALL SWAP3 POP POP POP POP JUMPDEST DUP1 DUP1 PUSH1 0x1 ADD SWAP2 POP POP PUSH2 0x3CC JUMP JUMPDEST POP POP POP JUMP JUMPDEST PUSH1 0x0 DUP1 SWAP1 SLOAD SWAP1 PUSH2 0x100 EXP SWAP1 DIV PUSH20 0xFFFFFFFFFFFFFFFFFFFFFFFFFFFFFFFFFFFFFFFF AND PUSH20 0xFFFFFFFFFFFFFFFFFFFFFFFFFFFFFFFFFFFFFFFF AND PUSH2 0x8FC ADDRESS PUSH20 0xFFFFFFFFFFFFFFFFFFFFFFFFFFFFFFFFFFFFFFFF AND BALANCE SWAP1 DUP2 ISZERO MUL SWAP1 PUSH1 0x40 MLOAD PUSH1 0x0 PUSH1 0x40 MLOAD DUP1 DUP4 SUB DUP2 DUP6 DUP9 DUP9 CALL SWAP4 POP POP POP POP ISZERO DUP1 ISZERO PUSH2 0x644 JUMPI RETURNDATASIZE PUSH1 0x0 DUP1 RETURNDATACOPY RETURNDATASIZE PUSH1 0x0 REVERT JUMPDEST POP JUMP STOP LOG1 PUSH6 0x627A7A723058 KECCAK256 PUSH14 0xEEEC984980A68587131694977B3D 0xc8 0xbf SGT 0xf5 SUB ISZERO DUP10 SLOAD 0xba 0x4f 0xe8 PUSH30 0x151F7815BF00290000000000000000000000000000000000000000000000"
"1,PUSH1 0x80 PUSH1 0x40 MSTORE CALLVALUE DUP1 ISZERO PUSH2 0x10 JUMPI PUSH1 0x0 DUP1 REVERT JUMPDEST POP PUSH2 0x124 DUP1 PUSH2 0x20 PUSH1 0x0 CODECOPY PUSH1 0x0 RETURN STOP PUSH1 0x80 PUSH1 0x40 MSTORE PUSH1 0x4 CALLDATASIZE LT PUSH1 0x3F JUMPI PUSH1 0x0 CALLDATALOAD PUSH29 0x100000000000000000000000000000000000000000000000000000000 SWAP1 DIV PUSH4 0xFFFFFFFF AND DUP1 PUSH4 0xDC153735 EQ PUSH1 0x44 JUMPI JUMPDEST PUSH1 0x0 DUP1 REVERT JUMPDEST PUSH1 0x62 PUSH1 0x4 DUP1 CALLDATASIZE SUB DUP2 ADD SWAP1 DUP1 DUP1 CALLDATALOAD ISZERO ISZERO SWAP1 PUSH1 0x20 ADD SWAP1 SWAP3 SWAP2 SWAP1 POP POP POP PUSH1 0x7C JUMP JUMPDEST PUSH1 0x40 MLOAD DUP1 DUP3 ISZERO ISZERO ISZERO ISZERO DUP2 MSTORE PUSH1 0x20 ADD SWAP2 POP POP PUSH1 0x40 MLOAD DUP1 SWAP2 SUB SWAP1 RETURN JUMPDEST PUSH1 0x0 DUP1 PUSH1 0x0 PUSH1 0x2 TIMESTAMP DUP2 ISZERO ISZERO PUSH1 0x8C JUMPI INVALID JUMPDEST MOD GT ISZERO ISZERO DUP4 ISZERO ISZERO EQ ISZERO PUSH1 0xF2 JUMPI PUSH1 0xA CALLVALUE DUP2 ISZERO ISZERO PUSH1 0xA3 JUMPI INVALID JUMPDEST DIV SWAP1 POP CALLER PUSH20 0xFFFFFFFFFFFFFFFFFFFFFFFFFFFFFFFFFFFFFFFF AND PUSH2 0x8FC DUP3 PUSH1 0x2 CALLVALUE MUL SUB SWAP1 DUP2 ISZERO MUL SWAP1 PUSH1 0x40 MLOAD PUSH1 0x0 PUSH1 0x40 MLOAD DUP1 DUP4 SUB DUP2 DUP6 DUP9 DUP9 CALL SWAP4 POP POP POP POP ISZERO DUP1 ISZERO PUSH1 0xF0 JUMPI RETURNDATASIZE PUSH1 0x0 DUP1 RETURNDATACOPY RETURNDATASIZE PUSH1 0x0 REVERT JUMPDEST POP JUMPDEST POP SWAP2 SWAP1 POP JUMP STOP LOG1 PUSH6 0x627A7A723058 KECCAK256 MSTORE 0xb4 0xcb SWAP12 MUL SLT PUSH24 0xF8E7A776271A3BD39C39894F8E6797094237A0F5E5C25A48 GASPRICE STOP 0x29"
"1,PUSH1 0x80 PUSH1 0x40 MSTORE CALLVALUE DUP1 ISZERO PUSH1 0xF JUMPI PUSH1 0x0 DUP1 REVERT JUMPDEST POP PUSH1 0xB4 DUP1 PUSH2 0x1E PUSH1 0x0 CODECOPY PUSH1 0x0 RETURN STOP PUSH1 0x80 PUSH1 0x40 MSTORE PUSH1 0x4 CALLDATASIZE LT PUSH1 0x3F JUMPI PUSH1 0x0 CALLDATALOAD PUSH29 0x100000000000000000000000000000000000000000000000000000000 SWAP1 DIV PUSH4 0xFFFFFFFF AND DUP1 PUSH4 0x3CCFD60B EQ PUSH1 0x44 JUMPI JUMPDEST PUSH1 0x0 DUP1 REVERT JUMPDEST CALLVALUE DUP1 ISZERO PUSH1 0x4F JUMPI PUSH1 0x0 DUP1 REVERT JUMPDEST POP PUSH1 0x56 PUSH1 0x58 JUMP JUMPDEST STOP JUMPDEST CALLER PUSH20 0xFFFFFFFFFFFFFFFFFFFFFFFFFFFFFFFFFFFFFFFF AND PUSH1 0x1 PUSH1 0x40 MLOAD PUSH1 0x0 PUSH1 0x40 MLOAD DUP1 DUP4 SUB DUP2 DUP6 DUP8 GAS CALL SWAP3 POP POP POP POP JUMP STOP LOG1 PUSH6 0x627A7A723058 KECCAK256 BALANCE 0xd2 0xd CALLVALUE 0xe9 RETURNDATASIZE 0x47 0x2b DUP15 CODECOPY DUP2 PUSH12 0x39189C165C776E2091181FCF 0x48 0xe8 0xde PUSH4 0xC89A1930 STOP 0x29"
"1,PUSH1 0x80 PUSH1 0x40 MSTORE CALLVALUE DUP1 ISZERO PUSH1 0xF JUMPI PUSH1 0x0 DUP1 REVERT JUMPDEST POP PUSH1 0x89 DUP1 PUSH2 0x1E PUSH1 0x0 CODECOPY PUSH1 0x0 RETURN STOP PUSH1 0x80 PUSH1 0x40 MSTORE PUSH1 0x4 CALLDATASIZE LT PUSH1 0x3F JUMPI PUSH1 0x0 CALLDATALOAD PUSH29 0x100000000000000000000000000000000000000000000000000000000 SWAP1 DIV PUSH4 0xFFFFFFFF AND DUP1 PUSH4 0x3CCFD60B EQ PUSH1 0x44 JUMPI JUMPDEST PUSH1 0x0 DUP1 REVERT JUMPDEST CALLVALUE DUP1 ISZERO PUSH1 0x4F JUMPI PUSH1 0x0 DUP1 REVERT JUMPDEST POP PUSH1 0x56 PUSH1 0x58 JUMP JUMPDEST STOP JUMPDEST JUMPDEST PUSH1 0x59 JUMP STOP LOG1 PUSH6 0x627A7A723058 KECCAK256 MULMOD CREATE 0xf ISZERO 0xc5 PUSH2 0xA18A SHL MUL 0xae TIMESTAMP RETURN DELEGATECALL 0xc7 PUSH12 0xC2E11E09E831EA6B89C4A09E BYTE 0xef PUSH17 0x1F00290000000000000000000000000000"
"1,PUSH1 0x80 PUSH1 0x40 MSTORE CALLVALUE DUP1 ISZERO PUSH2 0x10 JUMPI PUSH1 0x0 DUP1 REVERT JUMPDEST POP CALLER PUSH1 0x0 DUP1 PUSH2 0x100 EXP DUP2 SLOAD DUP2 PUSH20 0xFFFFFFFFFFFFFFFFFFFFFFFFFFFFFFFFFFFFFFFF MUL NOT AND SWAP1 DUP4 PUSH20 0xFFFFFFFFFFFFFFFFFFFFFFFFFFFFFFFFFFFFFFFF AND MUL OR SWAP1 SSTORE POP PUSH2 0x165 DUP1 PUSH2 0x60 PUSH1 0x0 CODECOPY PUSH1 0x0 RETURN STOP PUSH1 0x80 PUSH1 0x40 MSTORE PUSH1 0x4 CALLDATASIZE LT PUSH2 0x41 JUMPI PUSH1 0x0 CALLDATALOAD PUSH29 0x100000000000000000000000000000000000000000000000000000000 SWAP1 DIV PUSH4 0xFFFFFFFF AND DUP1 PUSH4 0x2CCB1B30 EQ PUSH2 0x46 JUMPI JUMPDEST PUSH1 0x0 DUP1 REVERT JUMPDEST CALLVALUE DUP1 ISZERO PUSH2 0x52 JUMPI PUSH1 0x0 DUP1 REVERT JUMPDEST POP PUSH2 0x91 PUSH1 0x4 DUP1 CALLDATASIZE SUB DUP2 ADD SWAP1 DUP1 DUP1 CALLDATALOAD PUSH20 0xFFFFFFFFFFFFFFFFFFFFFFFFFFFFFFFFFFFFFFFF AND SWAP1 PUSH1 0x20 ADD SWAP1 SWAP3 SWAP2 SWAP1 DUP1 CALLDATALOAD SWAP1 PUSH1 0x20 ADD SWAP1 SWAP3 SWAP2 SWAP1 POP POP POP PUSH2 0x93 JUMP JUMPDEST STOP JUMPDEST PUSH1 0x0 DUP1 SWAP1 SLOAD SWAP1 PUSH2 0x100 EXP SWAP1 DIV PUSH20 0xFFFFFFFFFFFFFFFFFFFFFFFFFFFFFFFFFFFFFFFF AND PUSH20 0xFFFFFFFFFFFFFFFFFFFFFFFFFFFFFFFFFFFFFFFF AND ORIGIN PUSH20 0xFFFFFFFFFFFFFFFFFFFFFFFFFFFFFFFFFFFFFFFF AND EQ ISZERO ISZERO PUSH2 0xEE JUMPI PUSH1 0x0 DUP1 REVERT JUMPDEST DUP2 PUSH20 0xFFFFFFFFFFFFFFFFFFFFFFFFFFFFFFFFFFFFFFFF AND PUSH2 0x8FC DUP3 SWAP1 DUP2 ISZERO MUL SWAP1 PUSH1 0x40 MLOAD PUSH1 0x0 PUSH1 0x40 MLOAD DUP1 DUP4 SUB DUP2 DUP6 DUP9 DUP9 CALL SWAP4 POP POP POP POP ISZERO DUP1 ISZERO PUSH2 0x134 JUMPI RETURNDATASIZE PUSH1 0x0 DUP1 RETURNDATACOPY RETURNDATASIZE PUSH1 0x0 REVERT JUMPDEST POP POP POP JUMP STOP LOG1 PUSH6 0x627A7A723058 KECCAK256 0xd SLOAD 0xa6 PUSH21 0xA135F75548167CA097F3713AC4967777478CA46ED5 0xc0 CALL CALLDATACOPY SELFDESTRUCT 0xae SLOAD 0xb7 STOP 0x29"
"1,PUSH1 0x80 PUSH1 0x40 MSTORE PUSH1 0x60 PUSH1 0x40 DUP1 MLOAD SWAP1 DUP2 ADD PUSH1 0x40 MSTORE DUP1 PUSH1 0x14 DUP2 MSTORE PUSH1 0x20 ADD PUSH32 0x60203414600857005B60008080803031335AF100000000000000000000000000 DUP2 MSTORE POP SWAP1 POP DUP1 MLOAD DUP2 PUSH1 0x20 ADD RETURN STOP"
"1,PUSH1 0x80 PUSH1 0x40 MSTORE CALLVALUE DUP1 ISZERO PUSH2 0x10 JUMPI PUSH1 0x0 DUP1 REVERT JUMPDEST POP PUSH1 0xD6 DUP1 PUSH2 0x1F PUSH1 0x0 CODECOPY PUSH1 0x0 RETURN STOP PUSH1 0x80 PUSH1 0x40 MSTORE PUSH1 0x4 CALLDATASIZE LT PUSH1 0x3F JUMPI PUSH1 0x0 CALLDATALOAD PUSH29 0x100000000000000000000000000000000000000000000000000000000 SWAP1 DIV PUSH4 0xFFFFFFFF AND DUP1 PUSH4 0xA8DCC6FA EQ PUSH1 0x44 JUMPI JUMPDEST PUSH1 0x0 DUP1 REVERT JUMPDEST CALLVALUE DUP1 ISZERO PUSH1 0x4F JUMPI PUSH1 0x0 DUP1 REVERT JUMPDEST POP PUSH1 0x6C PUSH1 0x4 DUP1 CALLDATASIZE SUB DUP2 ADD SWAP1 DUP1 DUP1 CALLDATALOAD SWAP1 PUSH1 0x20 ADD SWAP1 SWAP3 SWAP2 SWAP1 POP POP POP PUSH1 0x82 JUMP JUMPDEST PUSH1 0x40 MLOAD DUP1 DUP3 DUP2 MSTORE PUSH1 0x20 ADD SWAP2 POP POP PUSH1 0x40 MLOAD DUP1 SWAP2 SUB SWAP1 RETURN JUMPDEST PUSH1 0x0 DUP1 DUP3 SWAP1 POP JUMPDEST PUSH1 0x0 DUP2 LT ISZERO ISZERO PUSH1 0xA4 JUMPI DUP1 DUP3 ADD SWAP2 POP DUP1 DUP1 PUSH1 0x1 SWAP1 SUB SWAP2 POP POP PUSH1 0x89 JUMP JUMPDEST POP SWAP2 SWAP1 POP JUMP STOP LOG1 PUSH6 0x627A7A723058 KECCAK256 PUSH32 0xDEE7A88DB4CAF053CB0DFA5ADA6B31BECBE044BE0304B2C8D665724C70EE6B00 0x29"
"1,PUSH1 0x80 PUSH1 0x40 MSTORE CALLVALUE DUP1 ISZERO PUSH1 0xF JUMPI PUSH1 0x0 DUP1 REVERT JUMPDEST POP PUSH1 0x35 DUP1 PUSH1 0x1D PUSH1 0x0 CODECOPY PUSH1 0x0 RETURN STOP PUSH1 0x80 PUSH1 0x40 MSTORE PUSH1 0x0 DUP1 REVERT STOP LOG1 PUSH6 0x627A7A723058 KECCAK256 AND 0xdc GASPRICE PUSH10 0xCCB4488DFD8457F0C112 0xbd 0xb8 0x4d 0xbb PUSH22 0x5F1F139356AEF47AC839B28D32002900000000000000"
"1,PUSH1 0x80 PUSH1 0x40 MSTORE CALLVALUE DUP1 ISZERO PUSH2 0x10 JUMPI PUSH1 0x0 DUP1 REVERT JUMPDEST POP PUSH1 0xE7 DUP1 PUSH2 0x1F PUSH1 0x0 CODECOPY PUSH1 0x0 RETURN STOP PUSH1 0x80 PUSH1 0x40 MSTORE PUSH1 0x4 CALLDATASIZE LT PUSH1 0x3F JUMPI PUSH1 0x0 CALLDATALOAD PUSH29 0x100000000000000000000000000000000000000000000000000000000 SWAP1 DIV PUSH4 0xFFFFFFFF AND DUP1 PUSH4 0x1C6ADC3 EQ PUSH1 0x44 JUMPI JUMPDEST PUSH1 0x0 DUP1 REVERT JUMPDEST CALLVALUE DUP1 ISZERO PUSH1 0x4F JUMPI PUSH1 0x0 DUP1 REVERT JUMPDEST POP PUSH1 0x8C PUSH1 0x4 DUP1 CALLDATASIZE SUB DUP2 ADD SWAP1 DUP1 DUP1 CALLDATALOAD PUSH20 0xFFFFFFFFFFFFFFFFFFFFFFFFFFFFFFFFFFFFFFFF AND SWAP1 PUSH1 0x20 ADD SWAP1 SWAP3 SWAP2 SWAP1 DUP1 CALLDATALOAD SWAP1 PUSH1 0x20 ADD SWAP1 SWAP3 SWAP2 SWAP1 POP POP POP PUSH1 0xA6 JUMP JUMPDEST PUSH1 0x40 MLOAD DUP1 DUP3 ISZERO ISZERO ISZERO ISZERO DUP2 MSTORE PUSH1 0x20 ADD SWAP2 POP POP PUSH1 0x40 MLOAD DUP1 SWAP2 SUB SWAP1 RETURN JUMPDEST PUSH1 0x0 PUSH1 0x14 DUP3 LT ISZERO PUSH1 0xB5 JUMPI PUSH1 0x0 DUP1 REVERT JUMPDEST SWAP3 SWAP2 POP POP JUMP STOP LOG1 PUSH6 0x627A7A723058 KECCAK256 PUSH30 0x9C375A0B2C2F3DE84B79D45C75E31869E16D95FF58F32116EB556DB3F6B3 0xca STOP 0x29"
"1,PUSH1 0x80 PUSH1 0x40 MSTORE CALLVALUE DUP1 ISZERO PUSH2 0x10 JUMPI PUSH1 0x0 DUP1 REVERT JUMPDEST POP PUSH2 0x148 DUP1 PUSH2 0x20 PUSH1 0x0 CODECOPY PUSH1 0x0 RETURN STOP PUSH1 0x80 PUSH1 0x40 MSTORE PUSH1 0x4 CALLDATASIZE LT PUSH2 0x41 JUMPI PUSH1 0x0 CALLDATALOAD PUSH29 0x100000000000000000000000000000000000000000000000000000000 SWAP1 DIV PUSH4 0xFFFFFFFF AND DUP1 PUSH4 0x3CCFD60B EQ PUSH2 0x46 JUMPI JUMPDEST PUSH1 0x0 DUP1 REVERT JUMPDEST CALLVALUE DUP1 ISZERO PUSH2 0x52 JUMPI PUSH1 0x0 DUP1 REVERT JUMPDEST POP PUSH2 0x5B PUSH2 0x5D JUMP JUMPDEST STOP JUMPDEST CALLER PUSH20 0xFFFFFFFFFFFFFFFFFFFFFFFFFFFFFFFFFFFFFFFF AND PUSH2 0x8FC PUSH1 0x0 DUP1 CALLER PUSH20 0xFFFFFFFFFFFFFFFFFFFFFFFFFFFFFFFFFFFFFFFF AND PUSH20 0xFFFFFFFFFFFFFFFFFFFFFFFFFFFFFFFFFFFFFFFF AND DUP2 MSTORE PUSH1 0x20 ADD SWAP1 DUP2 MSTORE PUSH1 0x20 ADD PUSH1 0x0 KECCAK256 SLOAD SWAP1 DUP2 ISZERO MUL SWAP1 PUSH1 0x40 MLOAD PUSH1 0x0 PUSH1 0x40 MLOAD DUP1 DUP4 SUB DUP2 DUP6 DUP9 DUP9 CALL SWAP4 POP POP POP POP ISZERO PUSH2 0x11A JUMPI PUSH1 0x0 DUP1 PUSH1 0x0 CALLER PUSH20 0xFFFFFFFFFFFFFFFFFFFFFFFFFFFFFFFFFFFFFFFF AND PUSH20 0xFFFFFFFFFFFFFFFFFFFFFFFFFFFFFFFFFFFFFFFF AND DUP2 MSTORE PUSH1 0x20 ADD SWAP1 DUP2 MSTORE PUSH1 0x20 ADD PUSH1 0x0 KECCAK256 DUP2 SWAP1 SSTORE POP JUMPDEST JUMP STOP LOG1 PUSH6 0x627A7A723058 KECCAK256 DUP14 DUP11 MSIZE 0xee SGT DUP4 EXP 0x2b CALLDATALOAD 0xe3 0xe3 GAS SWAP16 DUP6 DUP3 PUSH30 0xC8B26A86EA01E61B941FEF6D6F09C48A0029000000000000000000000000"
"1,PUSH1 0x80 PUSH1 0x40 MSTORE CALLVALUE DUP1 ISZERO PUSH1 0xF JUMPI PUSH1 0x0 DUP1 REVERT JUMPDEST POP PUSH1 0x86 DUP1 PUSH2 0x1E PUSH1 0x0 CODECOPY PUSH1 0x0 RETURN STOP PUSH1 0x80 PUSH1 0x40 MSTORE PUSH1 0x4 CALLDATASIZE LT PUSH1 0x3F JUMPI PUSH1 0x0 CALLDATALOAD PUSH29 0x100000000000000000000000000000000000000000000000000000000 SWAP1 DIV PUSH4 0xFFFFFFFF AND DUP1 PUSH4 0xD2704908 EQ PUSH1 0x44 JUMPI JUMPDEST PUSH1 0x0 DUP1 REVERT JUMPDEST CALLVALUE DUP1 ISZERO PUSH1 0x4F JUMPI PUSH1 0x0 DUP1 REVERT JUMPDEST POP PUSH1 0x56 PUSH1 0x58 JUMP JUMPDEST STOP JUMPDEST JUMP STOP LOG1 PUSH6 0x627A7A723058 KECCAK256 EXP PUSH18 0x8B7D8B2915E604D781267E823C17EF12D607 0xce 0xdc 0xa9 LOG4 0xcb DUP9 LOG2 PUSH3 0x6D1915 0xbd STOP 0x29"
"1,PUSH1 0x80 PUSH1 0x40 MSTORE CALLVALUE DUP1 ISZERO PUSH2 0x10 JUMPI PUSH1 0x0 DUP1 REVERT JUMPDEST POP PUSH2 0x10C DUP1 PUSH2 0x20 PUSH1 0x0 CODECOPY PUSH1 0x0 RETURN STOP PUSH1 0x80 PUSH1 0x40 MSTORE PUSH1 0x4 CALLDATASIZE LT PUSH1 0x49 JUMPI PUSH1 0x0 CALLDATALOAD PUSH29 0x100000000000000000000000000000000000000000000000000000000 SWAP1 DIV PUSH4 0xFFFFFFFF AND DUP1 PUSH4 0xC2985578 EQ PUSH1 0x4E JUMPI DUP1 PUSH4 0xFEBB0F7E EQ PUSH1 0x62 JUMPI JUMPDEST PUSH1 0x0 DUP1 REVERT JUMPDEST CALLVALUE DUP1 ISZERO PUSH1 0x59 JUMPI PUSH1 0x0 DUP1 REVERT JUMPDEST POP PUSH1 0x60 PUSH1 0x76 JUMP JUMPDEST STOP JUMPDEST CALLVALUE DUP1 ISZERO PUSH1 0x6D JUMPI PUSH1 0x0 DUP1 REVERT JUMPDEST POP PUSH1 0x74 PUSH1 0xDB JUMP JUMPDEST STOP JUMPDEST PUSH32 0xE773A60B784586770A963A70FA6BA2BDF31C462939B6BA36852ED45F5F722358 CALLER PUSH1 0x40 MLOAD DUP1 DUP3 PUSH20 0xFFFFFFFFFFFFFFFFFFFFFFFFFFFFFFFFFFFFFFFF AND PUSH20 0xFFFFFFFFFFFFFFFFFFFFFFFFFFFFFFFFFFFFFFFF AND DUP2 MSTORE PUSH1 0x20 ADD SWAP2 POP POP PUSH1 0x40 MLOAD DUP1 SWAP2 SUB SWAP1 LOG1 JUMP JUMPDEST PUSH1 0x0 DUP1 REVERT STOP LOG1 PUSH6 0x627A7A723058 KECCAK256 PUSH22 0x69E917504F59B8D8E08DC31DCF37476E4F9E8DAA1DA8 0xb0 EXP 0xe 0x1e 0xc1 CALL CALLDATALOAD ADDMOD 0x2a STOP 0x29"
"1,PUSH1 0x80 PUSH1 0x40 MSTORE PUSH1 0x40 MLOAD PUSH1 0x20 DUP1 PUSH2 0x217 DUP4 CODECOPY DUP2 ADD DUP1 PUSH1 0x40 MSTORE DUP2 ADD SWAP1 DUP1 DUP1 MLOAD SWAP1 PUSH1 0x20 ADD SWAP1 SWAP3 SWAP2 SWAP1 POP POP POP DUP1 TIMESTAMP ADD PUSH1 0x0 DUP2 SWAP1 SSTORE POP CALLER PUSH1 0x1 PUSH1 0x0 PUSH2 0x100 EXP DUP2 SLOAD DUP2 PUSH20 0xFFFFFFFFFFFFFFFFFFFFFFFFFFFFFFFFFFFFFFFF MUL NOT AND SWAP1 DUP4 PUSH20 0xFFFFFFFFFFFFFFFFFFFFFFFFFFFFFFFFFFFFFFFF AND MUL OR SWAP1 SSTORE POP POP PUSH2 0x197 DUP1 PUSH2 0x80 PUSH1 0x0 CODECOPY PUSH1 0x0 RETURN STOP PUSH1 0x80 PUSH1 0x40 MSTORE PUSH1 0x4 CALLDATASIZE LT PUSH2 0x57 JUMPI PUSH1 0x0 CALLDATALOAD PUSH29 0x100000000000000000000000000000000000000000000000000000000 SWAP1 DIV PUSH4 0xFFFFFFFF AND DUP1 PUSH4 0x3CCFD60B EQ PUSH2 0x5C JUMPI DUP1 PUSH4 0x47C70A31 EQ PUSH2 0x73 JUMPI DUP1 PUSH4 0xE534155D EQ PUSH2 0x9E JUMPI JUMPDEST PUSH1 0x0 DUP1 REVERT JUMPDEST CALLVALUE DUP1 ISZERO PUSH2 0x68 JUMPI PUSH1 0x0 DUP1 REVERT JUMPDEST POP PUSH2 0x71 PUSH2 0xF5 JUMP JUMPDEST STOP JUMPDEST CALLVALUE DUP1 ISZERO PUSH2 0x7F JUMPI PUSH1 0x0 DUP1 REVERT JUMPDEST POP PUSH2 0x88 PUSH2 0x13F JUMP JUMPDEST PUSH1 0x40 MLOAD DUP1 DUP3 DUP2 MSTORE PUSH1 0x20 ADD SWAP2 POP POP PUSH1 0x40 MLOAD DUP1 SWAP2 SUB SWAP1 RETURN JUMPDEST CALLVALUE DUP1 ISZERO PUSH2 0xAA JUMPI PUSH1 0x0 DUP1 REVERT JUMPDEST POP PUSH2 0xB3 PUSH2 0x145 JUMP JUMPDEST PUSH1 0x40 MLOAD DUP1 DUP3 PUSH20 0xFFFFFFFFFFFFFFFFFFFFFFFFFFFFFFFFFFFFFFFF AND PUSH20 0xFFFFFFFFFFFFFFFFFFFFFFFFFFFFFFFFFFFFFFFF AND DUP2 MSTORE PUSH1 0x20 ADD SWAP2 POP POP PUSH1 0x40 MLOAD DUP1 SWAP2 SUB SWAP1 RETURN JUMPDEST PUSH1 0x0 SLOAD TIMESTAMP GT ISZERO PUSH2 0x104 JUMPI PUSH1 0x0 DUP1 REVERT JUMPDEST PUSH1 0x1 PUSH1 0x0 SWAP1 SLOAD SWAP1 PUSH2 0x100 EXP SWAP1 DIV PUSH20 0xFFFFFFFFFFFFFFFFFFFFFFFFFFFFFFFFFFFFFFFF AND PUSH20 0xFFFFFFFFFFFFFFFFFFFFFFFFFFFFFFFFFFFFFFFF AND SELFDESTRUCT JUMPDEST PUSH1 0x0 SLOAD DUP2 JUMP JUMPDEST PUSH1 0x1 PUSH1 0x0 SWAP1 SLOAD SWAP1 PUSH2 0x100 EXP SWAP1 DIV PUSH20 0xFFFFFFFFFFFFFFFFFFFFFFFFFFFFFFFFFFFFFFFF AND DUP2 JUMP STOP LOG1 PUSH6 0x627A7A723058 KECCAK256 0x47 CALLCODE DUP15 KECCAK256 0xaf STATICCALL CREATE2 CALL 0xc3 0xec DUP14 BALANCE EXP 0x48 0x4c 0xbf SWAP11 0x4f 0xeb 0xf8 EXTCODESIZE 0xcb PUSH8 0x4A3FBEFE6E065D7E DUP13 STOP 0x29"
"1,PUSH1 0x80 PUSH1 0x40 MSTORE CALLVALUE DUP1 ISZERO PUSH2 0x10 JUMPI PUSH1 0x0 DUP1 REVERT JUMPDEST POP PUSH2 0x116 DUP1 PUSH2 0x20 PUSH1 0x0 CODECOPY PUSH1 0x0 RETURN STOP PUSH1 0x80 PUSH1 0x40 MSTORE PUSH1 0x4 CALLDATASIZE LT PUSH1 0x3F JUMPI PUSH1 0x0 CALLDATALOAD PUSH29 0x100000000000000000000000000000000000000000000000000000000 SWAP1 DIV PUSH4 0xFFFFFFFF AND DUP1 PUSH4 0x8DFA4363 EQ PUSH1 0x44 JUMPI JUMPDEST PUSH1 0x0 DUP1 REVERT JUMPDEST CALLVALUE DUP1 ISZERO PUSH1 0x4F JUMPI PUSH1 0x0 DUP1 REVERT JUMPDEST POP PUSH1 0x76 PUSH1 0x4 DUP1 CALLDATASIZE SUB DUP2 ADD SWAP1 DUP1 DUP1 CALLDATALOAD SWAP1 PUSH1 0x20 ADD SWAP1 SWAP3 SWAP2 SWAP1 DUP1 CALLDATALOAD SWAP1 PUSH1 0x20 ADD SWAP1 SWAP3 SWAP2 SWAP1 POP POP POP PUSH1 0x8C JUMP JUMPDEST PUSH1 0x40 MLOAD DUP1 DUP3 DUP2 MSTORE PUSH1 0x20 ADD SWAP2 POP POP PUSH1 0x40 MLOAD DUP1 SWAP2 SUB SWAP1 RETURN JUMPDEST PUSH1 0x0 PUSH1 0x97 DUP3 DUP5 SUB PUSH1 0xBF JUMP JUMPDEST PUSH1 0x9E DUP4 PUSH1 0xBF JUMP JUMPDEST PUSH1 0xA5 DUP6 PUSH1 0xBF JUMP JUMPDEST DUP2 ISZERO ISZERO PUSH1 0xAD JUMPI INVALID JUMPDEST DIV DUP2 ISZERO ISZERO PUSH1 0xB6 JUMPI INVALID JUMPDEST DIV SWAP1 POP SWAP3 SWAP2 POP POP JUMP JUMPDEST PUSH1 0x0 DUP1 PUSH1 0x1 SWAP2 POP DUP3 SWAP1 POP JUMPDEST PUSH1 0x1 DUP2 GT ISZERO PUSH1 0xE4 JUMPI DUP1 DUP3 MUL SWAP2 POP DUP1 DUP1 PUSH1 0x1 SWAP1 SUB SWAP2 POP POP PUSH1 0xCA JUMP JUMPDEST POP SWAP2 SWAP1 POP JUMP STOP LOG1 PUSH6 0x627A7A723058 KECCAK256 0x2d 0xf8 0x5c NUMBER SWAP6 RETURNDATACOPY 0xcf 0xee 0xea 0xe0 0x2b CALLDATASIZE 0x23 SWAP14 0xf9 0xbd GASLIMIT KECCAK256 REVERT SUB 0xb5 0xc5 SHR SWAP14 PUSH16 0xAB49A99DAEA827002900000000000000"
"1,PUSH1 0x80 PUSH1 0x40 MSTORE CALLVALUE DUP1 ISZERO PUSH2 0x10 JUMPI PUSH1 0x0 DUP1 REVERT JUMPDEST POP PUSH1 0x40 MLOAD PUSH2 0x22F CODESIZE SUB DUP1 PUSH2 0x22F DUP4 CODECOPY DUP2 ADD DUP1 PUSH1 0x40 MSTORE DUP2 ADD SWAP1 DUP1 DUP1 MLOAD DUP3 ADD SWAP3 SWAP2 SWAP1 POP POP POP DUP1 PUSH1 0x40 MLOAD DUP1 DUP3 DUP1 MLOAD SWAP1 PUSH1 0x20 ADD SWAP1 DUP1 DUP4 DUP4 JUMPDEST PUSH1 0x20 DUP4 LT ISZERO ISZERO PUSH2 0x69 JUMPI DUP1 MLOAD DUP3 MSTORE PUSH1 0x20 DUP3 ADD SWAP2 POP PUSH1 0x20 DUP2 ADD SWAP1 POP PUSH1 0x20 DUP4 SUB SWAP3 POP PUSH2 0x44 JUMP JUMPDEST PUSH1 0x1 DUP4 PUSH1 0x20 SUB PUSH2 0x100 EXP SUB DUP1 NOT DUP3 MLOAD AND DUP2 DUP5 MLOAD AND DUP1 DUP3 OR DUP6 MSTORE POP POP POP POP POP POP SWAP1 POP ADD SWAP2 POP POP PUSH1 0x40 MLOAD DUP1 SWAP2 SUB SWAP1 KECCAK256 PUSH1 0x0 DUP2 PUSH1 0x0 NOT AND SWAP1 SSTORE POP TIMESTAMP PUSH1 0x1 DUP2 SWAP1 SSTORE POP POP PUSH2 0x178 DUP1 PUSH2 0xB7 PUSH1 0x0 CODECOPY PUSH1 0x0 RETURN STOP PUSH1 0x80 PUSH1 0x40 MSTORE PUSH1 0x4 CALLDATASIZE LT PUSH2 0x57 JUMPI PUSH1 0x0 CALLDATALOAD PUSH29 0x100000000000000000000000000000000000000000000000000000000 SWAP1 DIV PUSH4 0xFFFFFFFF AND DUP1 PUSH4 0x323046B1 EQ PUSH2 0x5C JUMPI DUP1 PUSH4 0x52A82B65 EQ PUSH2 0x87 JUMPI DUP1 PUSH4 0xB6F921AD EQ PUSH2 0xBA JUMPI JUMPDEST PUSH1 0x0 DUP1 REVERT JUMPDEST CALLVALUE DUP1 ISZERO PUSH2 0x68 JUMPI PUSH1 0x0 DUP1 REVERT JUMPDEST POP PUSH2 0x71 PUSH2 0x10D JUMP JUMPDEST PUSH1 0x40 MLOAD DUP1 DUP3 DUP2 MSTORE PUSH1 0x20 ADD SWAP2 POP POP PUSH1 0x40 MLOAD DUP1 SWAP2 SUB SWAP1 RETURN JUMPDEST CALLVALUE DUP1 ISZERO PUSH2 0x93 JUMPI PUSH1 0x0 DUP1 REVERT JUMPDEST POP PUSH2 0x9C PUSH2 0x113 JUMP JUMPDEST PUSH1 0x40 MLOAD DUP1 DUP3 PUSH1 0x0 NOT AND PUSH1 0x0 NOT AND DUP2 MSTORE PUSH1 0x20 ADD SWAP2 POP POP PUSH1 0x40 MLOAD DUP1 SWAP2 SUB SWAP1 RETURN JUMPDEST CALLVALUE DUP1 ISZERO PUSH2 0xC6 JUMPI PUSH1 0x0 DUP1 REVERT JUMPDEST POP PUSH2 0xF3 PUSH1 0x4 DUP1 CALLDATASIZE SUB DUP2 ADD SWAP1 DUP1 DUP1 CALLDATALOAD SWAP1 PUSH1 0x20 ADD SWAP1 DUP3 ADD DUP1 CALLDATALOAD SWAP1 PUSH1 0x20 ADD SWAP2 SWAP1 SWAP2 SWAP3 SWAP4 SWAP2 SWAP3 SWAP4 SWAP1 POP POP POP PUSH2 0x119 JUMP JUMPDEST PUSH1 0x40 MLOAD DUP1 DUP3 ISZERO ISZERO ISZERO ISZERO DUP2 MSTORE PUSH1 0x20 ADD SWAP2 POP POP PUSH1 0x40 MLOAD DUP1 SWAP2 SUB SWAP1 RETURN JUMPDEST PUSH1 0x1 SLOAD DUP2 JUMP JUMPDEST PUSH1 0x0 SLOAD DUP2 JUMP JUMPDEST PUSH1 0x0 DUP3 DUP3 PUSH1 0x40 MLOAD DUP1 DUP4 DUP4 DUP1 DUP3 DUP5 CALLDATACOPY DUP3 ADD SWAP2 POP POP SWAP3 POP POP POP PUSH1 0x40 MLOAD DUP1 SWAP2 SUB SWAP1 KECCAK256 PUSH1 0x0 NOT AND PUSH1 0x0 SLOAD PUSH1 0x0 NOT AND EQ SWAP1 POP SWAP3 SWAP2 POP POP JUMP STOP LOG1 PUSH6 0x627A7A723058 KECCAK256 0xc9 SWAP8 PUSH15 0x47F3828A41E52D873E8DD28E390076 CALL PUSH7 0xE1F3B67CFB0FC0 LOG0 CREATE SWAP2 0xc PUSH17 0x29000000000000000000000000000000"
"1,PUSH1 0x80 PUSH1 0x40 MSTORE CALLVALUE DUP1 ISZERO PUSH2 0x10 JUMPI PUSH1 0x0 DUP1 REVERT JUMPDEST POP PUSH2 0x2E8 DUP1 PUSH2 0x20 PUSH1 0x0 CODECOPY PUSH1 0x0 RETURN STOP PUSH1 0x80 PUSH1 0x40 MSTORE PUSH1 0x4 CALLDATASIZE LT PUSH2 0x41 JUMPI PUSH1 0x0 CALLDATALOAD PUSH29 0x100000000000000000000000000000000000000000000000000000000 SWAP1 DIV PUSH4 0xFFFFFFFF AND DUP1 PUSH4 0xA9059CBB EQ PUSH2 0x46 JUMPI JUMPDEST PUSH1 0x0 DUP1 REVERT JUMPDEST CALLVALUE DUP1 ISZERO PUSH2 0x52 JUMPI PUSH1 0x0 DUP1 REVERT JUMPDEST POP PUSH2 0x91 PUSH1 0x4 DUP1 CALLDATASIZE SUB DUP2 ADD SWAP1 DUP1 DUP1 CALLDATALOAD PUSH20 0xFFFFFFFFFFFFFFFFFFFFFFFFFFFFFFFFFFFFFFFF AND SWAP1 PUSH1 0x20 ADD SWAP1 SWAP3 SWAP2 SWAP1 DUP1 CALLDATALOAD SWAP1 PUSH1 0x20 ADD SWAP1 SWAP3 SWAP2 SWAP1 POP POP POP PUSH2 0xAB JUMP JUMPDEST PUSH1 0x40 MLOAD DUP1 DUP3 ISZERO ISZERO ISZERO ISZERO DUP2 MSTORE PUSH1 0x20 ADD SWAP2 POP POP PUSH1 0x40 MLOAD DUP1 SWAP2 SUB SWAP1 RETURN JUMPDEST PUSH1 0x0 DUP1 PUSH1 0x0 CALLER PUSH20 0xFFFFFFFFFFFFFFFFFFFFFFFFFFFFFFFFFFFFFFFF AND PUSH20 0xFFFFFFFFFFFFFFFFFFFFFFFFFFFFFFFFFFFFFFFF AND DUP2 MSTORE PUSH1 0x20 ADD SWAP1 DUP2 MSTORE PUSH1 0x20 ADD PUSH1 0x0 KECCAK256 SLOAD DUP3 GT DUP1 PUSH2 0x138 JUMPI POP DUP2 PUSH1 0x0 DUP1 DUP6 PUSH20 0xFFFFFFFFFFFFFFFFFFFFFFFFFFFFFFFFFFFFFFFF AND PUSH20 0xFFFFFFFFFFFFFFFFFFFFFFFFFFFFFFFFFFFFFFFF AND DUP2 MSTORE PUSH1 0x20 ADD SWAP1 DUP2 MSTORE PUSH1 0x20 ADD PUSH1 0x0 KECCAK256 SLOAD ADD DUP3 GT JUMPDEST ISZERO PUSH2 0x146 JUMPI PUSH1 0x0 SWAP1 POP PUSH2 0x2B6 JUMP JUMPDEST DUP2 PUSH1 0x0 DUP1 CALLER PUSH20 0xFFFFFFFFFFFFFFFFFFFFFFFFFFFFFFFFFFFFFFFF AND PUSH20 0xFFFFFFFFFFFFFFFFFFFFFFFFFFFFFFFFFFFFFFFF AND DUP2 MSTORE PUSH1 0x20 ADD SWAP1 DUP2 MSTORE PUSH1 0x20 ADD PUSH1 0x0 KECCAK256 SLOAD SUB PUSH1 0x0 DUP1 CALLER PUSH20 0xFFFFFFFFFFFFFFFFFFFFFFFFFFFFFFFFFFFFFFFF AND PUSH20 0xFFFFFFFFFFFFFFFFFFFFFFFFFFFFFFFFFFFFFFFF AND DUP2 MSTORE PUSH1 0x20 ADD SWAP1 DUP2 MSTORE PUSH1 0x20 ADD PUSH1 0x0 KECCAK256 DUP2 SWAP1 SSTORE POP DUP2 PUSH1 0x0 DUP1 DUP6 PUSH20 0xFFFFFFFFFFFFFFFFFFFFFFFFFFFFFFFFFFFFFFFF AND PUSH20 0xFFFFFFFFFFFFFFFFFFFFFFFFFFFFFFFFFFFFFFFF AND DUP2 MSTORE PUSH1 0x20 ADD SWAP1 DUP2 MSTORE PUSH1 0x20 ADD PUSH1 0x0 KECCAK256 SLOAD ADD PUSH1 0x0 DUP1 DUP6 PUSH20 0xFFFFFFFFFFFFFFFFFFFFFFFFFFFFFFFFFFFFFFFF AND PUSH20 0xFFFFFFFFFFFFFFFFFFFFFFFFFFFFFFFFFFFFFFFF AND DUP2 MSTORE PUSH1 0x20 ADD SWAP1 DUP2 MSTORE PUSH1 0x20 ADD PUSH1 0x0 KECCAK256 DUP2 SWAP1 SSTORE POP DUP3 PUSH20 0xFFFFFFFFFFFFFFFFFFFFFFFFFFFFFFFFFFFFFFFF AND CALLER PUSH20 0xFFFFFFFFFFFFFFFFFFFFFFFFFFFFFFFFFFFFFFFF AND PUSH32 0xDDF252AD1BE2C89B69C2B068FC378DAA952BA7F163C4A11628F55A4DF523B3EF DUP5 PUSH1 0x40 MLOAD DUP1 DUP3 DUP2 MSTORE PUSH1 0x20 ADD SWAP2 POP POP PUSH1 0x40 MLOAD DUP1 SWAP2 SUB SWAP1 LOG3 PUSH1 0x1 SWAP1 POP JUMPDEST SWAP3 SWAP2 POP POP JUMP STOP LOG1 PUSH6 0x627A7A723058 KECCAK256 NOT CODECOPY 0x1f 0xb9 0xc6 SWAP1 0xa8 0xce SWAP6 SWAP8 JUMP GASLIMIT PUSH6 0xB928B10A43AB STOP MLOAD SAR 0xee ORIGIN SWAP10 0xc2 0xd6 CALLDATASIZE CALLCODE CALLDATALOAD 0xd8 0x4e STOP 0x29"
